paper_num,output
0,"{'perovskite_composition': 'Cs0.05FA0.85MA0.1PbI3', 'electron_transport_layer': 'C60', 'hole_transport_layer': '2PACz', 'structure_pin_nip': 'PIN', 'passivating_molecule': '4-chlorobenzenesulfonate', 'control_pce': 24.0, 'treated_pce': 26.9, 'control_voc': None, 'treated_voc': 1.18, 'test_1': {'stability_type': 'ISOSL3', 'humidity': 50.0, 'temperature': 65.0, 'time': 1200.0, 'efficiency_cont': None, 'efficiency_tret': 95.0}, 'test_3': {'stability_type': 'ISOSD2', 'humidity': None, 'temperature': 85.0, 'time': 1500.0, 'efficiency_cont': None, 'efficiency_tret': 95.0}, 'test_2': {'stability_type': 'ISOSL3', 'humidity': 50.0, 'temperature': 85.0, 'time': 540.0, 'efficiency_cont': None, 'efficiency_tret': 87.0}}"
2,"{'perovskite_composition': '(FAPbI3)0.95(MAPbBr 3)0.05', 'electron_transport_layer': 'tin dioxide', 'hole_transport_layer': 'Spiro-OMeTAD', 'structure_pin_nip': 'NIP', 'passivating_molecule': 'butylammonium lead tetra iodide', 'control_pce': 22.3, 'treated_pce': 24.0, 'control_voc': None, 'treated_voc': 1.18, 'test_2': {'stability_type': 'ISOSD', 'humidity': 85.0, 'temperature': 85.0, 'time': 1056.0, 'efficiency_cont': None, 'efficiency_tret': 94.0}, 'test_1': {'stability_type': 'ISOSLT', 'humidity': None, 'temperature': None, 'time': 1620.0, 'efficiency_cont': None, 'efficiency_tret': 98.0}, 'test_3': {'stability_type': 'ISOSD', 'humidity': 85.0, 'temperature': None, 'time': 1083.0, 'efficiency_cont': 58.6, 'efficiency_tret': 97.3}}"
3,"{'perovskite_composition': 'Cs0.05(MA0.10FA0.85)Pb(I0.90Br0.10)3', 'electron_transport_layer': 'tin dioxide', 'hole_transport_layer': 'Spiro-OMeTAD', 'structure_pin_nip': 'NIP', 'passivating_molecule': 'Barium methylammonium lead iodide', 'control_pce': 21.0, 'treated_pce': 24.5, 'control_voc': None, 'treated_voc': 1.2, 'test_1': {'stability_type': 'ISOSL1', 'humidity': '70+-5', 'temperature': '60+-5', 'time': 2000.0, 'efficiency_cont': 75.0, 'efficiency_tret': 99.0}}"
4,"{'perovskite_composition': '(MAPbBr3)0.05(FAPbI3)0.95', 'electron_transport_layer': 'tin dioxide', 'hole_transport_layer': 'Spiro-OMeTAD', 'structure_pin_nip': 'NIP', 'passivating_molecule': '4vinylbenzylammonium bromide', 'control_pce': 19.9, 'treated_pce': 21.9, 'control_voc': 1.06, 'treated_voc': 1.14}"
5,"{'perovskite_composition': 'FA(MA)PbI 3', 'electron_transport_layer': 'indium tin oxide', 'hole_transport_layer': 'Spiro-OMeTAD', 'structure_pin_nip': 'NIP', 'passivating_molecule': 'iso-butylammonium iodide', 'control_pce': None, 'treated_pce': 22.1, 'control_voc': None, 'treated_voc': 1.13}"
6,"{'perovskite_composition': 'MAPbI 3', 'electron_transport_layer': 'Titanium dioxide', 'hole_transport_layer': 'Spiro-OMeTAD', 'structure_pin_nip': None, 'passivating_molecule': 'phenylethylammonium iodide', 'control_pce': 16.4, 'treated_pce': 17.1, 'control_voc': 1.05, 'treated_voc': 1.1, 'test_1': {'stability_type': 'ISOSD', 'humidity': None, 'temperature': None, 'time': 1344.0, 'efficiency_cont': 16.8, 'efficiency_tret': 75.6}, 'test_2': {'stability_type': 'ISOSL', 'humidity': 55.0, 'temperature': None, 'time': 336.0, 'efficiency_cont': 4.4, 'efficiency_tret': 76.8}}"
7,"{'perovskite_composition': 'Cs0.05(MA)0.16(FA)0.79Pb(I0.83Br0.17 )3', 'electron_transport_layer': 'C60', 'hole_transport_layer': None, 'structure_pin_nip': 'NIP', 'passivating_molecule': 'phenethylammonium iodide', 'control_pce': None, 'treated_pce': 5.94, 'control_voc': None, 'treated_voc': None, 'test_4': {'stability_type': 'ISOSL3', 'humidity': None, 'temperature': None, 'time': 100.0, 'efficiency_cont': 0.0, 'efficiency_tret': 95.0}}"
7,"{'perovskite_composition': 'Cs0.05(MA)0.16(FA)0.79Pb(I0.83Br0.17 )3', 'electron_transport_layer': 'C60', 'hole_transport_layer': None, 'structure_pin_nip': 'NIP', 'passivating_molecule': '(ethylenedioxy)bis(ethylammonium) lead iodide', 'control_pce': None, 'treated_pce': 21.0, 'control_voc': None, 'treated_voc': None, 'test_1': {'stability_type': 'ISOSL1', 'humidity': 65.0, 'temperature': None, 'time': 1000.0, 'efficiency_cont': None, 'efficiency_tret': 90.0}}"
7,"{'perovskite_composition': 'Cs0.05(MA)0.16(FA)0.79Pb(I0.83Br0.17 )3', 'electron_transport_layer': 'C60', 'hole_transport_layer': None, 'structure_pin_nip': 'NIP', 'passivating_molecule': 'dodecylammonium iodide', 'control_pce': None, 'treated_pce': None, 'control_voc': 1.09, 'treated_voc': 1.13, 'test_5': {'stability_type': 'ISOSD1', 'humidity': 85.0, 'temperature': None, 'time': 100.0, 'efficiency_cont': 60.0, 'efficiency_tret': 90.0}, 'test_6': {'stability_type': 'ISOST', 'humidity': None, 'temperature': 65.0, 'time': 100.0, 'efficiency_cont': 40.0, 'efficiency_tret': 80.0}}"
7,"{'perovskite_composition': 'Cs0.05(MA)0.16(FA)0.79Pb(I0.83Br0.17 )3', 'electron_transport_layer': 'C60', 'hole_transport_layer': None, 'structure_pin_nip': 'NIP', 'passivating_molecule': 'phenylethylammonium lead iodide', 'control_pce': None, 'treated_pce': None, 'control_voc': 1.05, 'treated_voc': 1.11, 'test_7': {'stability_type': 'ISOSD', 'humidity': 60.0, 'temperature': None, 'time': 1000.0, 'efficiency_cont': None, 'efficiency_tret': 90.0}, 'test_8': {'stability_type': 'ISOST', 'humidity': None, 'temperature': 60.0, 'time': 100.0, 'efficiency_cont': None, 'efficiency_tret': 75.0}}"
7,"{'perovskite_composition': 'Cs0.05(MA)0.16(FA)0.79Pb(I0.83Br0.17 )3', 'electron_transport_layer': 'C60', 'hole_transport_layer': None, 'structure_pin_nip': 'NIP', 'passivating_molecule': '4-tert-butyl-benzylammonium', 'control_pce': 20.1, 'treated_pce': 23.4, 'control_voc': None, 'treated_voc': None, 'test_9': {'stability_type': 'ISOSD', 'humidity': 60.0, 'temperature': None, 'time': 1300.0, 'efficiency_cont': None, 'efficiency_tret': 90.0}}"
7,"{'perovskite_composition': 'Cs0.05(MA)0.16(FA)0.79Pb(I0.83Br0.17 )3', 'electron_transport_layer': 'C60', 'hole_transport_layer': None, 'structure_pin_nip': 'NIP', 'passivating_molecule': 'butylammonium iodide', 'control_pce': 15.1, 'treated_pce': 15.5, 'control_voc': None, 'treated_voc': None, 'test_2': {'stability_type': 'ISOSL1', 'humidity': None, 'temperature': None, 'time': 1005.0, 'efficiency_cont': None, 'efficiency_tret': 80.0}}"
7,"{'perovskite_composition': 'Cs0.05(MA)0.16(FA)0.79Pb(I0.83Br0.17 )3', 'electron_transport_layer': 'C60', 'hole_transport_layer': None, 'structure_pin_nip': 'NIP', 'passivating_molecule': 'benzylammonium', 'control_pce': 8.9, 'treated_pce': 9.5, 'control_voc': None, 'treated_voc': None, 'test_3': {'stability_type': 'ISOSL1', 'humidity': 50.0, 'temperature': 90.0, 'time': None, 'efficiency_cont': 0.0, 'efficiency_tret': 80.0}}"
8,"{'perovskite_composition': '(FAPbI3)0.94(MAPbBr3)0.06', 'electron_transport_layer': 'Tin Oxide', 'hole_transport_layer': 'Spiro-OMeTAD', 'structure_pin_nip': 'NIP', 'passivating_molecule': '(Pyrene-1-yl)ethylammonium', 'control_pce': 19.3, 'treated_pce': 22.4, 'control_voc': 1.16, 'treated_voc': 1.17, 'test_1': {'stability_type': 'ISOSLT', 'humidity': None, 'temperature': 40.0, 'time': 2000.0, 'efficiency_cont': 60.0, 'efficiency_tret': 85.0}}"
8,"{'perovskite_composition': '(FAPbI3)0.94(MAPbBr3)0.06', 'electron_transport_layer': 'Tin Oxide', 'hole_transport_layer': 'Spiro-OMeTAD', 'structure_pin_nip': 'NIP', 'passivating_molecule': '(Pyrene-1-yl)methylammonium', 'control_pce': 20.0, 'treated_pce': 20.9, 'control_voc': 1.16, 'treated_voc': 1.16}"
8,"{'perovskite_composition': '(FAPbI3)0.94(MAPbBr3)0.06', 'electron_transport_layer': 'Tin Oxide', 'hole_transport_layer': 'Spiro-OMeTAD', 'structure_pin_nip': 'NIP', 'passivating_molecule': '(Pyrene-1-yl)ammonium', 'control_pce': 20.0, 'treated_pce': 19.5, 'control_voc': 1.16, 'treated_voc': 1.06}"
9,"{'perovskite_composition': 'MAPbI3', 'electron_transport_layer': 'PCBM', 'hole_transport_layer': None, 'structure_pin_nip': None, 'passivating_molecule': '1,8-diaminooctane diiodide', 'control_pce': 14.6, 'treated_pce': 17.6, 'control_voc': None, 'treated_voc': None}"
10,"{'perovskite_composition': '(FAPbI3)0.95(MAPbBr3)0.05', 'electron_transport_layer': 'Tin dioxide', 'hole_transport_layer': 'Spiro-OMeTAD', 'structure_pin_nip': 'NIP', 'passivating_molecule': 'octylammonium iodide', 'control_pce': None, 'treated_pce': None, 'control_voc': None, 'treated_voc': None, 'test_6': {'stability_type': 'ISOSL3', 'humidity': None, 'temperature': 40.0, 'time': 2092.0, 'efficiency_cont': None, 'efficiency_tret': 65.1}}"
10,"{'perovskite_composition': '(FAPbI3)0.95(MAPbBr3)0.05', 'electron_transport_layer': 'Tin dioxide', 'hole_transport_layer': 'Spiro-OMeTAD', 'structure_pin_nip': 'NIP', 'passivating_molecule': 'octylammonium tetrafluoroborate', 'control_pce': None, 'treated_pce': None, 'control_voc': None, 'treated_voc': None, 'test_3': {'stability_type': 'ISOSL2', 'humidity': None, 'temperature': 40.0, 'time': 500.0, 'efficiency_cont': None, 'efficiency_tret': 91.5}}"
10,"{'perovskite_composition': '(FAPbI3)0.95(MAPbBr3)0.05', 'electron_transport_layer': 'Tin dioxide', 'hole_transport_layer': 'Spiro-OMeTAD', 'structure_pin_nip': 'NIP', 'passivating_molecule': 'octylammonium tosylate', 'control_pce': None, 'treated_pce': 24.4, 'control_voc': None, 'treated_voc': None, 'test_2': {'stability_type': 'ISOSL3', 'humidity': None, 'temperature': 40.0, 'time': 2092.0, 'efficiency_cont': None, 'efficiency_tret': 87.0}}"
11,"{'perovskite_composition': 'FAPbI3', 'electron_transport_layer': 'Tin Oxide', 'hole_transport_layer': 'Spiro-OMeTAD', 'structure_pin_nip': 'NIP', 'passivating_molecule': '2H-Benzotriazol-2-ylethylammonium bromide', 'control_pce': 20.2, 'treated_pce': 21.8, 'control_voc': 1.11, 'treated_voc': 1.16, 'test_1': {'stability_type': 'ISOSL', 'humidity': None, 'temperature': None, 'time': 24.0, 'efficiency_cont': 98.0, 'efficiency_tret': 104.0}}"
12,"{'perovskite_composition': 'FA0.83Cs0.17)0.95Pb(I0.8Br0.2)3', 'electron_transport_layer': 'Tin dioxide', 'hole_transport_layer': 'Spiro-OMeTAD', 'structure_pin_nip': 'NIP', 'passivating_molecule': 'n-butylammonium bromide', 'control_pce': 17.5, 'treated_pce': 19.8, 'control_voc': 1.24, 'treated_voc': 1.31}"
13,"{'perovskite_composition': 'Cs0.12FA0.8MA0.08PbI1.8Br1', 'electron_transport_layer': 'PCBM', 'hole_transport_layer': '2PACz', 'structure_pin_nip': 'PIN', 'passivating_molecule': '2-thiopheneethylammonium chloride', 'control_pce': 13.1, 'treated_pce': 23.8, 'control_voc': 1.19, 'treated_voc': 1.29, 'test_1': {'stability_type': 'ISOST', 'humidity': None, 'temperature': 60.0, 'time': 265.0, 'efficiency_cont': 82.0, 'efficiency_tret': 92.0}, 'test_2': {'stability_type': 'ISOSLT', 'humidity': None, 'temperature': None, 'time': 195.0, 'efficiency_cont': None, 'efficiency_tret': 80.0}}"
14,"{'perovskite_composition': '2-phenylethylammonium iodide', 'electron_transport_layer': '6] -phenyl-C 60 -butyric acid methyl ester,[6', 'hole_transport_layer': '4,6-trimethylphenyl) amine],poly[bis(4-phenyl) (2', 'structure_pin_nip': 'PIN', 'passivating_molecule': '4-fluorophenylethylammonium iodide', 'control_pce': 21.5, 'treated_pce': 23.7, 'control_voc': 1.1, 'treated_voc': 1.16, 'test_1': {'stability_type': 'ISOSL', 'humidity': None, 'temperature': None, 'time': 33.0, 'efficiency_cont': 90.0, 'efficiency_tret': 100.0}}"
15,"{'perovskite_composition': 'Cs0.05(FA5/6MA1/6)0.95Pb(I0.9Br0.1)3', 'electron_transport_layer': 'PCBM', 'hole_transport_layer': 'PTAA', 'structure_pin_nip': 'PIN', 'passivating_molecule': '4-fluoro-phenylethylammonium iodide', 'control_pce': None, 'treated_pce': 23.2, 'control_voc': 1.1, 'treated_voc': 1.16}"
15,"{'perovskite_composition': 'Cs0.05(FA5/6MA1/6)0.95Pb(I0.9Br0.1)3', 'electron_transport_layer': 'PCBM', 'hole_transport_layer': 'PTAA', 'structure_pin_nip': 'PIN', 'passivating_molecule': '4-chloro-phenylethylammonium iodide', 'control_pce': None, 'treated_pce': 23.3, 'control_voc': 1.1, 'treated_voc': 1.15}"
16,"{'perovskite_composition': 'FAPbI3', 'electron_transport_layer': 'TinOxide', 'hole_transport_layer': 'Spiro-OMeTAD', 'structure_pin_nip': 'NIP', 'passivating_molecule': '(3-(Trifluoromethyl)phenyl)ethylamine hydroiodide', 'control_pce': 18.8, 'treated_pce': 21.0, 'control_voc': 1.04, 'treated_voc': 1.11}"
17,"{'perovskite_composition': 'Cs0.05FA0.81MA0.14PbI2.55Br0.45', 'electron_transport_layer': 'tin dioxide', 'hole_transport_layer': 'PTAA', 'structure_pin_nip': 'NIP', 'passivating_molecule': 'hexyltrimethylammounium bromide', 'control_pce': 20.0, 'treated_pce': 20.9, 'control_voc': 1.16, 'treated_voc': 1.19, 'test_1': {'stability_type': 'ISOSL', 'humidity': None, 'temperature': None, 'time': 48.0, 'efficiency_cont': None, 'efficiency_tret': 86.0}}"
19,"{'perovskite_composition': 'Cs0.05MA0.05FA0.9Pb(I0.95Br0.05)3\\', 'electron_transport_layer': 'C60', 'hole_transport_layer': '2PACz', 'structure_pin_nip': None, 'passivating_molecule': '3,4,5-trifluoroanilinium', 'control_pce': 21.0, 'treated_pce': 22.9, 'control_voc': 1.26, 'treated_voc': 1.27, 'test_1': {'stability_type': 'ISOSLT', 'humidity': 50.0, 'temperature': 85.0, 'time': 1560.0, 'efficiency_cont': None, 'efficiency_tret': 85.0}, 'test_2': {'stability_type': 'ISOSL3', 'humidity': 50.0, 'temperature': 85.0, 'time': 1586.0, 'efficiency_cont': None, 'efficiency_tret': 85.0}}"
21,"{'perovskite_composition': '(FAPbI3)0.92(MAPbBr3)0.08', 'electron_transport_layer': None, 'hole_transport_layer': 'spiro-OMeTAD', 'structure_pin_nip': None, 'passivating_molecule': 'n-hexylammonium bromide', 'control_pce': 20.5, 'treated_pce': 22.6, 'control_voc': 1.1, 'treated_voc': 1.15, 'test_2': {'stability_type': 'ISOSLT', 'humidity': None, 'temperature': None, 'time': 500.0, 'efficiency_cont': None, 'efficiency_tret': 85.0}}"
21,"{'perovskite_composition': '(FAPbI3)0.92(MAPbBr3)0.08', 'electron_transport_layer': None, 'hole_transport_layer': 'spiro-OMeTAD', 'structure_pin_nip': None, 'passivating_molecule': 'n-butylammonium bromide', 'control_pce': 20.5, 'treated_pce': 22.6, 'control_voc': 1.1, 'treated_voc': 1.14, 'test_1': {'stability_type': 'ISOSLT', 'humidity': None, 'temperature': None, 'time': 500.0, 'efficiency_cont': None, 'efficiency_tret': 85.0}}"
21,"{'perovskite_composition': '(FAPbI3)0.92(MAPbBr3)0.08', 'electron_transport_layer': None, 'hole_transport_layer': 'spiro-OMeTAD', 'structure_pin_nip': None, 'passivating_molecule': 'n-octylammonium bromide', 'control_pce': 20.5, 'treated_pce': 22.6, 'control_voc': 1.1, 'treated_voc': 1.15, 'test_3': {'stability_type': 'ISOSLT', 'humidity': None, 'temperature': None, 'time': 500.0, 'efficiency_cont': None, 'efficiency_tret': 85.0}}"
22,"{'perovskite_composition': 'FAPbI 3', 'electron_transport_layer': None, 'hole_transport_layer': None, 'structure_pin_nip': 'NIP', 'passivating_molecule': 'cyclohexylmethylammonium iodide', 'control_pce': None, 'treated_pce': 23.9, 'control_voc': None, 'treated_voc': 1.14, 'test_1': {'stability_type': 'ISOSL', 'humidity': '20-30', 'temperature': None, 'time': 2400.0, 'efficiency_cont': None, 'efficiency_tret': 95.0}, 'test_2': {'stability_type': 'ISOSLT', 'humidity': None, 'temperature': None, 'time': 1050.0, 'efficiency_cont': None, 'efficiency_tret': 95.0}, 'test_3': {'stability_type': 'ISOSD2', 'humidity': '40+-10', 'temperature': 50.0, 'time': 500.0, 'efficiency_cont': None, 'efficiency_tret': 93.0}}"
23,"{'perovskite_composition': 'Cs0.05MA0.1FA0.85PbI3', 'electron_transport_layer': 'Tin dioxide', 'hole_transport_layer': None, 'structure_pin_nip': 'NIP', 'passivating_molecule': '3-fluoro-phenethylammonium iodide', 'control_pce': None, 'treated_pce': 23.9, 'control_voc': None, 'treated_voc': 1.15, 'test_1': {'stability_type': 'ISOSL1', 'humidity': 50.0, 'temperature': None, 'time': 1000.0, 'efficiency_cont': None, 'efficiency_tret': 100.0}, 'test_2': {'stability_type': 'ISOSL3', 'humidity': None, 'temperature': 65.0, 'time': 500.0, 'efficiency_cont': None, 'efficiency_tret': 92.0}}"
24,"{'perovskite_composition': 'CsPbI 3', 'electron_transport_layer': 'Titanium dioxide', 'hole_transport_layer': 'copper(I) thiocyanate', 'structure_pin_nip': None, 'passivating_molecule': 'Dicesium diiodo dichloro plumbate', 'control_pce': 14.9, 'treated_pce': 17.4, 'control_voc': None, 'treated_voc': None, 'test_1': {'stability_type': 'ISOSD', 'humidity': None, 'temperature': 110.0, 'time': 2100.0, 'efficiency_cont': None, 'efficiency_tret': 80.0}}"
31,"{'perovskite_composition': 'Rb0.05Cs0.05MA0.05FA0.85Pb(I0.95Br0.05)3', 'electron_transport_layer': 'C60', 'hole_transport_layer': 'MeO-2PACZ', 'structure_pin_nip': 'PIN', 'passivating_molecule': '3-(aminomethyl)pyridine', 'control_pce': 23.3, 'treated_pce': 25.4, 'control_voc': 1.12, 'treated_voc': 1.15, 'test_3': {'stability_type': 'ISOSLT', 'humidity': None, 'temperature': 55.0, 'time': 2428.0, 'efficiency_cont': 76.0, 'efficiency_tret': 87.0}, 'test_1': {'stability_type': 'ISOSL2', 'humidity': None, 'temperature': 65.0, 'time': 1315.0, 'efficiency_cont': None, 'efficiency_tret': 90.0}, 'test_2': {'stability_type': 'ISOSD3', 'humidity': 85.0, 'temperature': 85.0, 'time': 850.0, 'efficiency_cont': None, 'efficiency_tret': 94.0}}"
36,"{'perovskite_composition': '(Cs0.05(FA0.83MA0.17)0.95Pb(I0.83Br0.17)3', 'electron_transport_layer': 'C60', 'hole_transport_layer': 'poly(triarylamine)', 'structure_pin_nip': 'PIN', 'passivating_molecule': 'Lithium fluoride', 'control_pce': None, 'treated_pce': 20.0, 'control_voc': None, 'treated_voc': None}"
37,"{'perovskite_composition': '(Cs0.2FA0.8Pb(I0.6Br0.4)3)', 'electron_transport_layer': None, 'hole_transport_layer': None, 'structure_pin_nip': None, 'passivating_molecule': '1,3-propylene diammonium', 'control_pce': None, 'treated_pce': 19.3, 'control_voc': 1.23, 'treated_voc': 1.33, 'test_2': {'stability_type': None, 'humidity': None, 'temperature': None, 'time': 700.0, 'efficiency_cont': None, 'efficiency_tret': 100.0}}"
39,"{'perovskite_composition': '(FAPbI 3 ) 0.87(MAPbBr3)0.13]0.92(CsPbI3)0.08', 'electron_transport_layer': 'Titanium dioxide', 'hole_transport_layer': 'Spiro-OMeTAD', 'structure_pin_nip': 'NIP', 'passivating_molecule': '2-(Methylammonio)methylthiophene chloride', 'control_pce': 20.7, 'treated_pce': 19.7, 'control_voc': 1.09, 'treated_voc': 1.16}"
39,"{'perovskite_composition': '(FAPbI 3 ) 0.87(MAPbBr3)0.13]0.92(CsPbI3)0.08', 'electron_transport_layer': 'Titanium dioxide', 'hole_transport_layer': 'Spiro-OMeTAD', 'structure_pin_nip': 'NIP', 'passivating_molecule': '2-(Methylammonio)methylthiophene iodide', 'control_pce': 20.7, 'treated_pce': 19.9, 'control_voc': 1.09, 'treated_voc': 1.09}"
39,"{'perovskite_composition': '(FAPbI 3 ) 0.87(MAPbBr3)0.13]0.92(CsPbI3)0.08', 'electron_transport_layer': 'Titanium dioxide', 'hole_transport_layer': 'Spiro-OMeTAD', 'structure_pin_nip': 'NIP', 'passivating_molecule': '2-(Methylammonio)methylthiophene bromide', 'control_pce': 20.7, 'treated_pce': 20.8, 'control_voc': 1.09, 'treated_voc': 1.19, 'test_2': {'stability_type': 'ISOSLT', 'humidity': None, 'temperature': None, 'time': 1000.0, 'efficiency_cont': 65.0, 'efficiency_tret': 75.0}}"
40,"{'perovskite_composition': 'Cs0.03(FA0.90MA0.10)0.97PbI3', 'electron_transport_layer': None, 'hole_transport_layer': 'PTAA', 'structure_pin_nip': None, 'passivating_molecule': 'oleylammonium iodide', 'control_pce': None, 'treated_pce': 24.3, 'control_voc': None, 'treated_voc': None, 'test_1': {'stability_type': 'ISOSD', 'humidity': 85.0, 'temperature': 85.0, 'time': 1000.0, 'efficiency_cont': None, 'efficiency_tret': 95.0}}"
42,"{'perovskite_composition': 'Cs0.05MA0.1FA0.85PbI2.7Br0.3', 'electron_transport_layer': None, 'hole_transport_layer': None, 'structure_pin_nip': None, 'passivating_molecule': 'azetidinium lead iodide', 'control_pce': 19.5, 'treated_pce': 22.0, 'control_voc': 1.07, 'treated_voc': 1.14, 'test_1': {'stability_type': 'ISOSL', 'humidity': None, 'temperature': 52.0, 'time': 1000.0, 'efficiency_cont': 47.0, 'efficiency_tret': 85.0}}"
46,"{'perovskite_composition': 'CsPbI0.05[(FAPbI3)0.89(MAPbBr3)0.11]0.95', 'electron_transport_layer': None, 'hole_transport_layer': None, 'structure_pin_nip': 'PIN', 'passivating_molecule': 'Lithium Fluoride', 'control_pce': 18.0, 'treated_pce': 19.2, 'control_voc': None, 'treated_voc': 1.16, 'test_1': {'stability_type': 'ISOSLT', 'humidity': 25.0, 'temperature': 25.0, 'time': 100.0, 'efficiency_cont': None, 'efficiency_tret': 99.4}}"
47,"{'perovskite_composition': 'Cs0.05FA0.81MA0.14PbI2.55Br0.45', 'electron_transport_layer': 'C60', 'hole_transport_layer': 'PTAA', 'structure_pin_nip': 'PIN', 'passivating_molecule': 'lead sulfate', 'control_pce': None, 'treated_pce': 21.1, 'control_voc': 19.1, 'treated_voc': 1.16, 'test_1': {'stability_type': 'ISOSL3', 'humidity': '60+-10', 'temperature': 65.0, 'time': 1200.0, 'efficiency_cont': 47.0, 'efficiency_tret': 96.8}}"
48,"{'perovskite_composition': 'MAPbI3', 'electron_transport_layer': 'C60', 'hole_transport_layer': 'PTAA', 'structure_pin_nip': 'PIN', 'passivating_molecule': '2-diyl),poly(1-phenylethene-1', 'control_pce': 16.9, 'treated_pce': 19.6, 'control_voc': 1.07, 'treated_voc': 1.07}"
49,"{'perovskite_composition': None, 'electron_transport_layer': 'indium tin oxide', 'hole_transport_layer': 'spiro-OMeTAD/chlorobenzene', 'structure_pin_nip': None, 'passivating_molecule': 'n-butylamine iodide', 'control_pce': None, 'treated_pce': None, 'control_voc': None, 'treated_voc': None, 'test_5': {'stability_type': 'ISOST', 'humidity': None, 'temperature': 85.0, 'time': 558.0, 'efficiency_cont': None, 'efficiency_tret': 95.7}, 'test_6': {'stability_type': 'ISOSL', 'humidity': None, 'temperature': None, 'time': 1100.0, 'efficiency_cont': None, 'efficiency_tret': 96.2}}"
49,"{'perovskite_composition': None, 'electron_transport_layer': 'indium tin oxide', 'hole_transport_layer': 'spiro-OMeTAD/chlorobenzene', 'structure_pin_nip': None, 'passivating_molecule': 'n-butylamine acetate', 'control_pce': None, 'treated_pce': None, 'control_voc': None, 'treated_voc': None, 'test_3': {'stability_type': 'ISOSL', 'humidity': None, 'temperature': None, 'time': 1100.0, 'efficiency_cont': None, 'efficiency_tret': 70.8}}"
50,"{'perovskite_composition': '(MA)0.14(FA)0.81(Cs)0.05Pb((I)0.85(Br)0.15)3', 'electron_transport_layer': None, 'hole_transport_layer': 'Spiro-OMeTAD', 'structure_pin_nip': None, 'passivating_molecule': 'butylammonium iodide', 'control_pce': 21.0, 'treated_pce': 11.5, 'control_voc': None, 'treated_voc': None}"
50,"{'perovskite_composition': '(MA)0.14(FA)0.81(Cs)0.05Pb((I)0.85(Br)0.15)3', 'electron_transport_layer': None, 'hole_transport_layer': 'Spiro-OMeTAD', 'structure_pin_nip': None, 'passivating_molecule': 'phenethylammonium iodide', 'control_pce': 21.0, 'treated_pce': 12.1, 'control_voc': None, 'treated_voc': None}"
50,"{'perovskite_composition': '(MA)0.14(FA)0.81(Cs)0.05Pb((I)0.85(Br)0.15)3', 'electron_transport_layer': None, 'hole_transport_layer': 'Spiro-OMeTAD', 'structure_pin_nip': None, 'passivating_molecule': 'allylammonium iodide', 'control_pce': 21.0, 'treated_pce': 14.4, 'control_voc': None, 'treated_voc': None, 'test_2': {'stability_type': None, 'humidity': None, 'temperature': None, 'time': 650.0, 'efficiency_cont': None, 'efficiency_tret': 90.0}}"
50,"{'perovskite_composition': '(MA)0.14(FA)0.81(Cs)0.05Pb((I)0.85(Br)0.15)3', 'electron_transport_layer': None, 'hole_transport_layer': 'Spiro-OMeTAD', 'structure_pin_nip': None, 'passivating_molecule': 'allylammonium iodide', 'control_pce': 21.0, 'treated_pce': 14.4, 'control_voc': None, 'treated_voc': None, 'test_2': {'stability_type': None, 'humidity': None, 'temperature': None, 'time': 650.0, 'efficiency_cont': None, 'efficiency_tret': 90.0}}"
53,"{'perovskite_composition': 'FA0.85MA0.1Cs0.05PbI2.9Br0.1', 'electron_transport_layer': 'TinOxide', 'hole_transport_layer': 'Spiro-OMeTAD', 'structure_pin_nip': 'NIP', 'passivating_molecule': 'Dimethylpyrroline Diammonium Iodide', 'control_pce': None, 'treated_pce': None, 'control_voc': None, 'treated_voc': None, 'test_4': {'stability_type': 'ISOSD', 'humidity': 85.0, 'temperature': None, 'time': 740.0, 'efficiency_cont': 27.0, 'efficiency_tret': 73.0}, 'test_6': {'stability_type': 'ISOST', 'humidity': 5.0, 'temperature': 85.0, 'time': 1008.0, 'efficiency_cont': 29.0, 'efficiency_tret': 81.0}}"
53,"{'perovskite_composition': 'FA0.85MA0.1Cs0.05PbI2.9Br0.1', 'electron_transport_layer': 'TinOxide', 'hole_transport_layer': 'Spiro-OMeTAD', 'structure_pin_nip': 'NIP', 'passivating_molecule': 'Butane Diammonium Iodide', 'control_pce': None, 'treated_pce': None, 'control_voc': None, 'treated_voc': None, 'test_3': {'stability_type': 'ISOSD', 'humidity': 85.0, 'temperature': None, 'time': 740.0, 'efficiency_cont': 27.0, 'efficiency_tret': 35.0}, 'test_5': {'stability_type': 'ISOST', 'humidity': 5.0, 'temperature': 85.0, 'time': 1008.0, 'efficiency_cont': 29.0, 'efficiency_tret': None}}"
59,"{'perovskite_composition': 'MAPbI3', 'electron_transport_layer': 'C60', 'hole_transport_layer': 'PTAA', 'structure_pin_nip': 'NIP', 'passivating_molecule': 'phenethylammonium iodide', 'control_pce': 17.5, 'treated_pce': 18.6, 'control_voc': 1.16, 'treated_voc': 1.25}"
60,"{'perovskite_composition': '(FAPbI3)0.95(MAPbBr3)0.05', 'electron_transport_layer': 'TinOxide', 'hole_transport_layer': 'Spiro-OMeTAD', 'structure_pin_nip': 'NIP', 'passivating_molecule': '4-vinylbenzylammonium bromide', 'control_pce': 18.5, 'treated_pce': 21.7, 'control_voc': None, 'treated_voc': None}"
62,"{'perovskite_composition': 'MAPbI 3', 'electron_transport_layer': 'C60', 'hole_transport_layer': 'Spiro-OMeTAD', 'structure_pin_nip': 'NIP', 'passivating_molecule': 'butylammonium iodide', 'control_pce': 17.3, 'treated_pce': 16.5, 'control_voc': 1.01, 'treated_voc': 1.02, 'test_2': {'stability_type': 'ISOSL', 'humidity': 55.0, 'temperature': None, 'time': 720.0, 'efficiency_cont': 44.0, 'efficiency_tret': 81.0}, 'test_1': {'stability_type': 'ISOST', 'humidity': None, 'temperature': 80.0, 'time': 720.0, 'efficiency_cont': 27.0, 'efficiency_tret': 74.0}}"
64,"{'perovskite_composition': 'MAPbI3', 'electron_transport_layer': 'C60', 'hole_transport_layer': 'molybdenum oxide', 'structure_pin_nip': 'PIN', 'passivating_molecule': 'phenethylammonium lead iodide', 'control_pce': 18.6, 'treated_pce': 18.3, 'control_voc': 1.05, 'treated_voc': 1.05}"
65,"{'perovskite_composition': 'MAPbI3', 'electron_transport_layer': None, 'hole_transport_layer': 'Spiro-OMeTAD', 'structure_pin_nip': None, 'passivating_molecule': 'Bis(Phenylethylammonium) Dihydrobromide Methylammonium Lead Iodide', 'control_pce': 3.81, 'treated_pce': 4.73, 'control_voc': None, 'treated_voc': 1.18}"
72,"{'perovskite_composition': 'Cs0.05FA0.8MA0.15PbI2.88Br0.04Cl0.08', 'electron_transport_layer': None, 'hole_transport_layer': None, 'structure_pin_nip': 'NIP', 'passivating_molecule': 'allylammonium iodide', 'control_pce': None, 'treated_pce': 20.0, 'control_voc': None, 'treated_voc': None, 'test_1': {'stability_type': 'ISOST', 'humidity': None, 'temperature': None, 'time': 80.0, 'efficiency_cont': None, 'efficiency_tret': 50.0}}"
73,"{'perovskite_composition': 'FA0.98Cs0.02PbI3', 'electron_transport_layer': None, 'hole_transport_layer': None, 'structure_pin_nip': 'PIN', 'passivating_molecule': '3,5-bis(trifluoromethyl) phenethylammonium iodide', 'control_pce': 21.4, 'treated_pce': 23.6, 'control_voc': None, 'treated_voc': None, 'test_1': {'stability_type': 'ISOSLT', 'humidity': '50+-5', 'temperature': '50+-5', 'time': 1800.0, 'efficiency_cont': 67.2, 'efficiency_tret': 97.4}, 'test_2': {'stability_type': 'ISOSLT', 'humidity': '50+-5', 'temperature': '50+-5', 'time': 1800.0, 'efficiency_cont': 67.2, 'efficiency_tret': 82.1}}"
73,"{'perovskite_composition': 'FA0.98Cs0.02PbI3', 'electron_transport_layer': None, 'hole_transport_layer': None, 'structure_pin_nip': 'PIN', 'passivating_molecule': 'phenethylammonium iodide', 'control_pce': None, 'treated_pce': None, 'control_voc': None, 'treated_voc': None, 'test_6': {'stability_type': 'ISOSD', 'humidity': 85.0, 'temperature': 85.0, 'time': 1000.0, 'efficiency_cont': None, 'efficiency_tret': 87.2}}"
73,"{'perovskite_composition': 'FA0.98Cs0.02PbI3', 'electron_transport_layer': None, 'hole_transport_layer': None, 'structure_pin_nip': 'PIN', 'passivating_molecule': 'CF3 -PEAI', 'control_pce': None, 'treated_pce': 24.8, 'control_voc': None, 'treated_voc': None, 'test_5': {'stability_type': 'ISOSD', 'humidity': 85.0, 'temperature': 85.0, 'time': 1000.0, 'efficiency_cont': 71.3, 'efficiency_tret': 98.2}}"
74,"{'perovskite_composition': '(FAPbI3)0.95(MAPbBr3)0.05', 'electron_transport_layer': 'tin dioxide', 'hole_transport_layer': 'Spiro-OMeTAD', 'structure_pin_nip': 'NIP', 'passivating_molecule': '4-fluorophenylethylammonium iodide', 'control_pce': 18.8, 'treated_pce': 20.2, 'control_voc': None, 'treated_voc': 1.13, 'test_2': {'stability_type': 'ISOSLT', 'humidity': None, 'temperature': 60.0, 'time': 5000.0, 'efficiency_cont': None, 'efficiency_tret': 90.0}, 'test_3': {'stability_type': 'ISOSLT', 'humidity': None, 'temperature': 60.0, 'time': 560.0, 'efficiency_cont': None, 'efficiency_tret': 90.0}}"
74,"{'perovskite_composition': '(FAPbI3)0.95(MAPbBr3)0.05', 'electron_transport_layer': 'tin dioxide', 'hole_transport_layer': 'Spiro-OMeTAD', 'structure_pin_nip': 'NIP', 'passivating_molecule': '4-fluorophenylethylammonium iodide', 'control_pce': 18.8, 'treated_pce': 20.2, 'control_voc': None, 'treated_voc': 1.13, 'test_2': {'stability_type': 'ISOSLT', 'humidity': None, 'temperature': 60.0, 'time': 5000.0, 'efficiency_cont': None, 'efficiency_tret': 90.0}}"
75,"{'perovskite_composition': '[(FAPbI 3 ) 0.8(MAPbBr3)0.13]0.92(CsPbI3)0.08', 'electron_transport_layer': None, 'hole_transport_layer': 'Spiro-OMeTAD', 'structure_pin_nip': 'NIP', 'passivating_molecule': '3-(Methylammonio)methylthiophene iodide', 'control_pce': 20.4, 'treated_pce': 20.5, 'control_voc': 1.12, 'treated_voc': 1.13}"
75,"{'perovskite_composition': '[(FAPbI 3 ) 0.8(MAPbBr3)0.13]0.92(CsPbI3)0.08', 'electron_transport_layer': None, 'hole_transport_layer': 'Spiro-OMeTAD', 'structure_pin_nip': 'NIP', 'passivating_molecule': '2-(Methylammonio)methylthiophene iodide', 'control_pce': 20.4, 'treated_pce': 19.9, 'control_voc': 1.12, 'treated_voc': 1.13}"
75,"{'perovskite_composition': '[(FAPbI 3 ) 0.8(MAPbBr3)0.13]0.92(CsPbI3)0.08', 'electron_transport_layer': None, 'hole_transport_layer': 'Spiro-OMeTAD', 'structure_pin_nip': 'NIP', 'passivating_molecule': '2-(Ethylammonio)ethanethiol iodide', 'control_pce': 20.4, 'treated_pce': 19.4, 'control_voc': 1.12, 'treated_voc': 1.11, 'test_1': {'stability_type': 'ISOSLT', 'humidity': None, 'temperature': None, 'time': 1000.0, 'efficiency_cont': 65.0, 'efficiency_tret': 90.0}}"
77,"{'perovskite_composition': 'FA0.9Cs0.1PbI3', 'electron_transport_layer': None, 'hole_transport_layer': None, 'structure_pin_nip': 'PIN', 'passivating_molecule': '(phenethylamino)methaniminium iodide', 'control_pce': 21.2, 'treated_pce': 24.1, 'control_voc': None, 'treated_voc': None, 'test_2': {'stability_type': 'ISOSLT', 'humidity': None, 'temperature': 90.0, 'time': 1500.0, 'efficiency_cont': None, 'efficiency_tret': 90.0}, 'test_1': {'stability_type': 'ISOSL', 'humidity': None, 'temperature': 100.0, 'time': 500.0, 'efficiency_cont': None, 'efficiency_tret': 90.0}}"
79,"{'perovskite_composition': '(FAPbI3)0.97(MAPbBr3)0.03', 'electron_transport_layer': 'TitaniumDioxide', 'hole_transport_layer': 'Spiro-OMeTAD', 'structure_pin_nip': 'NIP', 'passivating_molecule': 'Lead Iodide', 'control_pce': 18.5, 'treated_pce': 19.9, 'control_voc': None, 'treated_voc': 1.09, 'test_1': {'stability_type': 'ISOSL', 'humidity': 37.0, 'temperature': 28.0, 'time': None, 'efficiency_cont': None, 'efficiency_tret': None}}"
81,"{'perovskite_composition': 'Cs0.05FA0.81MA0.14PbI2.55Br0.45', 'electron_transport_layer': 'TitaniumDioxide', 'hole_transport_layer': 'Spiro-OMeTAD', 'structure_pin_nip': None, 'passivating_molecule': 'Titanium dioxide', 'control_pce': None, 'treated_pce': 15.8, 'control_voc': None, 'treated_voc': 1.06, 'test_1': {'stability_type': 'ISOSL', 'humidity': None, 'temperature': None, 'time': 500.0, 'efficiency_cont': None, 'efficiency_tret': None}, 'test_2': {'stability_type': 'ISOSD', 'humidity': None, 'temperature': None, 'time': 1440.0, 'efficiency_cont': None, 'efficiency_tret': 38.0}}"
82,"{'perovskite_composition': 'MAPbI3', 'electron_transport_layer': None, 'hole_transport_layer': 'PTAA', 'structure_pin_nip': 'PIN', 'passivating_molecule': 'choline chloride', 'control_pce': 17.1, 'treated_pce': 21.1, 'control_voc': 1.04, 'treated_voc': None, 'test_3': {'stability_type': 'ISOSL', 'humidity': None, 'temperature': None, 'time': 26.0, 'efficiency_cont': None, 'efficiency_tret': 86.0}}"
82,"{'perovskite_composition': 'MAPbI3', 'electron_transport_layer': None, 'hole_transport_layer': 'PTAA', 'structure_pin_nip': 'PIN', 'passivating_molecule': '(2S)-2-(Dodecanoyloxy)-3-(trimethylammonio)-1-propanol phosphate', 'control_pce': 17.1, 'treated_pce': 19.6, 'control_voc': 1.04, 'treated_voc': 1.08, 'test_2': {'stability_type': 'ISOSD', 'humidity': '55-85', 'temperature': None, 'time': 800.0, 'efficiency_cont': 70.0, 'efficiency_tret': None}}"
85,"{'perovskite_composition': '(FAPbI3)0.95(MAPbBr3)0.05', 'electron_transport_layer': None, 'hole_transport_layer': 'Poly(3-hexylthiophene)', 'structure_pin_nip': 'NIP', 'passivating_molecule': 'n-hexyl trimethyl ammonium bromide', 'control_pce': None, 'treated_pce': 22.7, 'control_voc': None, 'treated_voc': None, 'test_2': {'stability_type': 'ISOSL', 'humidity': None, 'temperature': None, 'time': 1370.0, 'efficiency_cont': 0.0, 'efficiency_tret': 95.0}, 'test_1': {'stability_type': 'ISOSD', 'humidity': 85.0, 'temperature': None, 'time': 1008.0, 'efficiency_cont': 0.0, 'efficiency_tret': 80.0}}"
95,"{'perovskite_composition': '(FAPbI3)0.95(MAPbBr3)0.05', 'electron_transport_layer': 'TitaniumDioxide', 'hole_transport_layer': 'Spiro-OMeTAD', 'structure_pin_nip': None, 'passivating_molecule': 'octylammonium iodide', 'control_pce': 5.9, 'treated_pce': 22.9, 'control_voc': None, 'treated_voc': 1.13}"
95,"{'perovskite_composition': '(FAPbI3)0.95(MAPbBr3)0.05', 'electron_transport_layer': 'TitaniumDioxide', 'hole_transport_layer': 'Spiro-OMeTAD', 'structure_pin_nip': None, 'passivating_molecule': 'butylammonium iodide', 'control_pce': 5.9, 'treated_pce': 10.5, 'control_voc': None, 'treated_voc': None, 'test_1': {'stability_type': 'ISOSD', 'humidity': 65.0, 'temperature': 65.0, 'time': 100.0, 'efficiency_cont': 20.0, 'efficiency_tret': 20.0}}"
95,"{'perovskite_composition': '(FAPbI3)0.95(MAPbBr3)0.05', 'electron_transport_layer': 'TitaniumDioxide', 'hole_transport_layer': 'Spiro-OMeTAD', 'structure_pin_nip': None, 'passivating_molecule': 'dodecylammonium iodide', 'control_pce': 5.9, 'treated_pce': 15.1, 'control_voc': None, 'treated_voc': None, 'test_3': {'stability_type': 'ISOSD', 'humidity': 85.0, 'temperature': None, 'time': 100.0, 'efficiency_cont': None, 'efficiency_tret': 90.0}, 'test_4': {'stability_type': 'ISOSD', 'humidity': 65.0, 'temperature': 65.0, 'time': 100.0, 'efficiency_cont': 20.0, 'efficiency_tret': 80.0}}"
96,"{'perovskite_composition': '(FAPbI3)0.85(MAPbBr3)0.15', 'electron_transport_layer': None, 'hole_transport_layer': 'Spiro-OMeTAD', 'structure_pin_nip': 'NIP', 'passivating_molecule': 'tin(IV) bis(acetylacetonate) dichloride', 'control_pce': None, 'treated_pce': 21.1, 'control_voc': None, 'treated_voc': None}"
96,"{'perovskite_composition': '(FAPbI3)0.85(MAPbBr3)0.15', 'electron_transport_layer': None, 'hole_transport_layer': 'Spiro-OMeTAD', 'structure_pin_nip': 'NIP', 'passivating_molecule': 'tin(IV) bis(acetylacetonate) dibromide', 'control_pce': None, 'treated_pce': 20.0, 'control_voc': None, 'treated_voc': None}"
97,"{'perovskite_composition': 'Cs 0.05 (FA0.92MA0.08)0.95Pb(I0.92Br0.08)3', 'electron_transport_layer': 'C60', 'hole_transport_layer': 'PTAA', 'structure_pin_nip': 'PIN', 'passivating_molecule': 'oleylamine iodide', 'control_pce': 19.2, 'treated_pce': 21.2, 'control_voc': 1.06, 'treated_voc': 1.17, 'test_1': {'stability_type': 'ISOSLT', 'humidity': None, 'temperature': None, 'time': 1000.0, 'efficiency_cont': 58.0, 'efficiency_tret': 100.0}, 'test_2': {'stability_type': 'ISOST', 'humidity': None, 'temperature': 85.0, 'time': 1020.0, 'efficiency_cont': 61.0, 'efficiency_tret': 90.0}}"
99,"{'perovskite_composition': 'MAPbI3', 'electron_transport_layer': 'TinOxide', 'hole_transport_layer': None, 'structure_pin_nip': 'NIP', 'passivating_molecule': 'Ammonium iodide', 'control_pce': 18.0, 'treated_pce': 21.0, 'control_voc': 1.08, 'treated_voc': 1.14, 'test_2': {'stability_type': 'ISOSO', 'humidity': None, 'temperature': None, 'time': 180.0, 'efficiency_cont': 0.0, 'efficiency_tret': 94.0}, 'test_1': {'stability_type': 'ISOSLT', 'humidity': None, 'temperature': None, 'time': 500.0, 'efficiency_cont': None, 'efficiency_tret': 82.0}}"
107,"{'perovskite_composition': 'FAPbI 3', 'electron_transport_layer': None, 'hole_transport_layer': None, 'structure_pin_nip': 'NIP', 'passivating_molecule': '(2-phenylethylammonium) sulfonyl fluoride', 'control_pce': 15.3, 'treated_pce': 21.2, 'control_voc': 1.05, 'treated_voc': 1.12, 'test_3': {'stability_type': 'ISOSLT', 'humidity': '50-60', 'temperature': None, 'time': 1000.0, 'efficiency_cont': 50.0, 'efficiency_tret': 91.0}}"
107,"{'perovskite_composition': 'FAPbI 3', 'electron_transport_layer': None, 'hole_transport_layer': None, 'structure_pin_nip': 'NIP', 'passivating_molecule': 'phenethylammonium', 'control_pce': 15.3, 'treated_pce': 18.3, 'control_voc': 1.05, 'treated_voc': 1.08, 'test_4': {'stability_type': 'ISOSLT', 'humidity': '50-60', 'temperature': None, 'time': 400.0, 'efficiency_cont': None, 'efficiency_tret': 50.0}}"
113,"{'perovskite_composition': 'FAPbI 3', 'electron_transport_layer': 'Tin dioxide', 'hole_transport_layer': None, 'structure_pin_nip': 'NIP', 'passivating_molecule': 'Formamidinium tin(III) chloride\\', 'control_pce': None, 'treated_pce': 25.5, 'control_voc': None, 'treated_voc': 1.18, 'test_1': {'stability_type': 'ISOSL1', 'humidity': None, 'temperature': None, 'time': 500.0, 'efficiency_cont': None, 'efficiency_tret': 90.0}}"
114,"{'perovskite_composition': 'Cs 0.05(FA0.95MA0.05)0.95Pb(I0.95Br0.05)3', 'electron_transport_layer': 'C60', 'hole_transport_layer': 'poly(triarylamine)', 'structure_pin_nip': 'PIN', 'passivating_molecule': 'piperazinium iodide', 'control_pce': 20.7, 'treated_pce': 23.3, 'control_voc': 1.06, 'treated_voc': 1.17, 'test_2': {'stability_type': 'ISOSLT', 'humidity': '55+-5', 'temperature': 25.0, 'time': None, 'efficiency_cont': 40.0, 'efficiency_tret': 93.0}, 'test_3': {'stability_type': 'ISOSLT', 'humidity': None, 'temperature': None, 'time': 200.0, 'efficiency_cont': 87.0, 'efficiency_tret': 90.0}}"
118,"{'perovskite_composition': 'Cs0.03(FA0.97MA0.03)0.97Pb(I0.97Br0.03)3', 'electron_transport_layer': None, 'hole_transport_layer': 'Spiro-OMeTAD', 'structure_pin_nip': 'NIP', 'passivating_molecule': 'n-Butylammonium bromide', 'control_pce': 24.6, 'treated_pce': 24.5, 'control_voc': 1.15, 'treated_voc': 1.21, 'test_1': {'stability_type': 'ISOSLT', 'humidity': None, 'temperature': None, 'time': 516.0, 'efficiency_cont': 6.0, 'efficiency_tret': 91.0}}"
120,"{'perovskite_composition': '(FA0.98MA0.02)0.95Cs0.05Pb(I0.95Br0.02)3', 'electron_transport_layer': 'C60', 'hole_transport_layer': 'poly(triaryl amine)', 'structure_pin_nip': 'PIN', 'passivating_molecule': ""1,1'-bis(2-carboxythiophenyl)ferrocene"", 'control_pce': 23.0, 'treated_pce': 25.0, 'control_voc': 1.13, 'treated_voc': 1.18, 'test_1': {'stability_type': 'ISOSLT', 'humidity': None, 'temperature': None, 'time': 1500.0, 'efficiency_cont': 72.0, 'efficiency_tret': 98.0}}"
122,"{'perovskite_composition': 'FAPbI 3', 'electron_transport_layer': 'tin dioxide', 'hole_transport_layer': 'Spiro-OMeTAD', 'structure_pin_nip': 'NIP', 'passivating_molecule': 'Rubidium Chloride', 'control_pce': 24.6, 'treated_pce': 25.6, 'control_voc': 1.17, 'treated_voc': 1.18, 'test_2': {'stability_type': 'ISOSD', 'humidity': None, 'temperature': None, 'time': 1000.0, 'efficiency_cont': None, 'efficiency_tret': 96.0}, 'test_1': {'stability_type': 'ISOSD', 'humidity': None, 'temperature': 85.0, 'time': 500.0, 'efficiency_cont': 50.0, 'efficiency_tret': 80.0}}"
123,"{'perovskite_composition': '(FAPbI3)0.95(MAPbBr3)0.05', 'electron_transport_layer': 'C60', 'hole_transport_layer': 'P3CT-N', 'structure_pin_nip': None, 'passivating_molecule': 'pyridine-2-carboxylic lead and hexamethyldisilathiane', 'control_pce': 21.8, 'treated_pce': 24.3, 'control_voc': 1.09, 'treated_voc': 1.19, 'test_1': {'stability_type': 'ISOST', 'humidity': None, 'temperature': 85.0, 'time': 2200.0, 'efficiency_cont': 73.2, 'efficiency_tret': 91.8}}"
123,"{'perovskite_composition': '(FAPbI3)0.95(MAPbBr3)0.05', 'electron_transport_layer': 'C60', 'hole_transport_layer': 'P3CT-N', 'structure_pin_nip': None, 'passivating_molecule': 'phenethylammonium iodide', 'control_pce': None, 'treated_pce': 22.4, 'control_voc': None, 'treated_voc': None}"
124,"{'perovskite_composition': 'Cs 0.05(FA0.98MA0.02)0.95Pb(I0.98Br0.02)3', 'electron_transport_layer': 'PC 61 BM', 'hole_transport_layer': 'MeO-2PACz', 'structure_pin_nip': 'PIN', 'passivating_molecule': 'b-poly(1 1-difluoroethylene)', 'control_pce': 22.3, 'treated_pce': 24.6, 'control_voc': 1.13, 'treated_voc': 1.18, 'test_1': {'stability_type': None, 'humidity': None, 'temperature': 25.0, 'time': 1000.0, 'efficiency_cont': 84.0, 'efficiency_tret': 93.0}, 'test_2': {'stability_type': None, 'humidity': None, 'temperature': 75.0, 'time': 1000.0, 'efficiency_cont': 56.0, 'efficiency_tret': 88.0}, 'test_3': {'stability_type': 'ISOST', 'humidity': None, 'temperature': 80.0, 'time': None, 'efficiency_cont': 75.6, 'efficiency_tret': 98.9}, 'test_4': {'stability_type': 'ISOST', 'humidity': None, 'temperature': 60.0, 'time': None, 'efficiency_cont': 63.0, 'efficiency_tret': 88.7}}"
126,"{'perovskite_composition': 'FAPbI 3', 'electron_transport_layer': 'tin dioxide', 'hole_transport_layer': 'Spiro-OMeTAD', 'structure_pin_nip': 'NIP', 'passivating_molecule': 'lead oxalate', 'control_pce': 23.4, 'treated_pce': 25.3, 'control_voc': 1.16, 'treated_voc': 1.18, 'test_1': {'stability_type': 'ISOSLT', 'humidity': None, 'temperature': None, 'time': 550.0, 'efficiency_cont': 60.0, 'efficiency_tret': 92.0}}"
127,"{'perovskite_composition': 'Cs0.15FA0.85PbI2.8Cl0.2', 'electron_transport_layer': 'C60', 'hole_transport_layer': 'poly(triarylamine)', 'structure_pin_nip': 'PIN', 'passivating_molecule': 'Bis(Phenylethylammonium) Zinc Iodide', 'control_pce': 18.6, 'treated_pce': 24.1, 'control_voc': None, 'treated_voc': None, 'test_1': {'stability_type': 'ISOSLT', 'humidity': None, 'temperature': 40.0, 'time': 1009.0, 'efficiency_cont': None, 'efficiency_tret': 94.5}}"
127,"{'perovskite_composition': 'Cs0.15FA0.85PbI2.8Cl0.2', 'electron_transport_layer': 'C60', 'hole_transport_layer': 'poly(triarylamine)', 'structure_pin_nip': 'PIN', 'passivating_molecule': 'Bis(Phenylethylammonium) Zinc Chloride', 'control_pce': 18.6, 'treated_pce': 24.1, 'control_voc': None, 'treated_voc': None, 'test_2': {'stability_type': 'ISOSLT', 'humidity': None, 'temperature': 40.0, 'time': 1009.0, 'efficiency_cont': None, 'efficiency_tret': 94.5}}"
131,"{'perovskite_composition': 'FA0.95MA0.05Pb(I0.92Br0.08)3', 'electron_transport_layer': 'C60', 'hole_transport_layer': 'PTAA', 'structure_pin_nip': 'PIN', 'passivating_molecule': 'Aluminum Oxide', 'control_pce': 23.0, 'treated_pce': 25.5, 'control_voc': 1.13, 'treated_voc': 1.19, 'test_1': {'stability_type': 'ISOSL', 'humidity': None, 'temperature': 85.0, 'time': 1000.0, 'efficiency_cont': 80.0, 'efficiency_tret': 98.0}, 'test_2': {'stability_type': 'ISOSD', 'humidity': None, 'temperature': '35-40', 'time': 1000.0, 'efficiency_cont': 80.0, 'efficiency_tret': 98.0}}"
133,"{'perovskite_composition': 'Cs0.05FA0.9MA0.05Pb(I0.95Br0.05)3', 'electron_transport_layer': 'C60', 'hole_transport_layer': 'Me-4PACz', 'structure_pin_nip': 'PIN', 'passivating_molecule': 'sodium thioglycolate', 'control_pce': 22.5, 'treated_pce': 24.5, 'control_voc': 1.14, 'treated_voc': 1.19, 'test_1': {'stability_type': 'ISOSLT', 'humidity': None, 'temperature': None, 'time': 900.0, 'efficiency_cont': None, 'efficiency_tret': 96.0}}"
137,"{'perovskite_composition': 'Cs0.05MA0.05FA0.90PbI3', 'electron_transport_layer': 'C60', 'hole_transport_layer': None, 'structure_pin_nip': 'PIN', 'passivating_molecule': '3-diammonium iodide,propane-1 / 3-(methylthio)propylamine hydroiodide bilayer', 'control_pce': 22.8, 'treated_pce': 26.4, 'control_voc': 1.12, 'treated_voc': 1.17, 'test_1': {'stability_type': 'ISOSD2', 'humidity': None, 'temperature': 85.0, 'time': 1600.0, 'efficiency_cont': 84.0, 'efficiency_tret': 95.0}, 'test_2': {'stability_type': 'ISOSL3', 'humidity': 50.0, 'temperature': 65.0, 'time': 2000.0, 'efficiency_cont': 70.0, 'efficiency_tret': 96.0}}"
142,"{'perovskite_composition': 'MAPbI3', 'electron_transport_layer': None, 'hole_transport_layer': None, 'structure_pin_nip': None, 'passivating_molecule': 'butylammonium iodide', 'control_pce': None, 'treated_pce': 16.1, 'control_voc': None, 'treated_voc': 1.03, 'test_2': {'stability_type': 'ISOST', 'humidity': None, 'temperature': 85.0, 'time': None, 'efficiency_cont': None, 'efficiency_tret': 74.0}, 'test_1': {'stability_type': 'ISOSD', 'humidity': 65.0, 'temperature': None, 'time': 1200.0, 'efficiency_cont': None, 'efficiency_tret': 71.0}}"
143,"{'perovskite_composition': '(FAPbI3)0.77(MAPbBr3)0.14(CsPbI3)0.09', 'electron_transport_layer': None, 'hole_transport_layer': 'copper(I) thiocyanate', 'structure_pin_nip': None, 'passivating_molecule': 'fluorophenylethylammonium lead iodide', 'control_pce': 18.0, 'treated_pce': 18.0, 'control_voc': 1.13, 'treated_voc': 1.08}"
143,"{'perovskite_composition': '(FAPbI3)0.77(MAPbBr3)0.14(CsPbI3)0.09', 'electron_transport_layer': None, 'hole_transport_layer': 'copper(I) thiocyanate', 'structure_pin_nip': None, 'passivating_molecule': 'phenylethylammonium lead iodide', 'control_pce': 18.0, 'treated_pce': 18.0, 'control_voc': 1.13, 'treated_voc': 1.1}"
144,"{'perovskite_composition': None, 'electron_transport_layer': 'C60', 'hole_transport_layer': 'Poly(3,4-ethylenedioxythiophene):Poly(styrene sulfonate)', 'structure_pin_nip': 'PIN', 'passivating_molecule': 'ethylenediammonium diiodide', 'control_pce': 19.6, 'treated_pce': 23.6, 'control_voc': 0.79, 'treated_voc': 0.89, 'test_3': {'stability_type': 'ISOSLT', 'humidity': None, 'temperature': None, 'time': 180.0, 'efficiency_cont': 60.0, 'efficiency_tret': 65.0}, 'test_4': {'stability_type': 'ISOSLT', 'humidity': None, 'temperature': None, 'time': 200.0, 'efficiency_cont': 60.0, 'efficiency_tret': 80.0}}"
146,"{'perovskite_composition': 'Cs0.05(MA0.05FA0.95)0.95Pb(I0.95Br0.05)3', 'electron_transport_layer': 'C60', 'hole_transport_layer': '2PACz', 'structure_pin_nip': 'PIN', 'passivating_molecule': 'ortho-carborane decorated with phenylamino groups', 'control_pce': 21.5, 'treated_pce': 23.0, 'control_voc': 1.12, 'treated_voc': 1.17, 'test_1': {'stability_type': None, 'humidity': 30.0, 'temperature': 40.0, 'time': 400.0, 'efficiency_cont': 89.0, 'efficiency_tret': 97.0}}"
147,"{'perovskite_composition': 'FAPbI 3', 'electron_transport_layer': 'Tin dioxide', 'hole_transport_layer': 'Spiro-OMeTAD', 'structure_pin_nip': 'NIP', 'passivating_molecule': 'carbazole-triphenylamine and phenylammonium iodide units', 'control_pce': 22.3, 'treated_pce': 24.7, 'control_voc': 1.11, 'treated_voc': 1.16, 'test_2': {'stability_type': 'ISOSD', 'humidity': 85.0, 'temperature': 85.0, 'time': 1000.0, 'efficiency_cont': None, 'efficiency_tret': 92.3}, 'test_1': {'stability_type': 'ISOSLT', 'humidity': None, 'temperature': None, 'time': 1100.0, 'efficiency_cont': 66.6, 'efficiency_tret': 94.6}}"
148,"{'perovskite_composition': 'Cs0.05FA0.85MA0.10Pb(I0.97Br0.03)3', 'electron_transport_layer': 'Titanium dioxide', 'hole_transport_layer': 'Spiro-OMeTAD', 'structure_pin_nip': 'NIP', 'passivating_molecule': 'phenylethylammonium iodide', 'control_pce': 21.2, 'treated_pce': 22.7, 'control_voc': 1.09, 'treated_voc': 1.12, 'test_1': {'stability_type': 'ISOSLT', 'humidity': '50-70', 'temperature': None, 'time': 500.0, 'efficiency_cont': 70.0, 'efficiency_tret': 84.0}}"
148,"{'perovskite_composition': 'Cs0.05FA0.85MA0.10Pb(I0.97Br0.03)3', 'electron_transport_layer': 'Titanium dioxide', 'hole_transport_layer': 'Spiro-OMeTAD', 'structure_pin_nip': 'NIP', 'passivating_molecule': '4-tert-butyl-benzylammonium iodide', 'control_pce': 21.2, 'treated_pce': 23.5, 'control_voc': 1.09, 'treated_voc': 1.14, 'test_2': {'stability_type': 'ISOSLT', 'humidity': '50-70', 'temperature': None, 'time': 500.0, 'efficiency_cont': 70.0, 'efficiency_tret': 95.0}}"
149,"{'perovskite_composition': 'FA0.7MA0.3Pb0.5Sn0.5I3', 'electron_transport_layer': 'C60', 'hole_transport_layer': None, 'structure_pin_nip': None, 'passivating_molecule': 'Trifluoromethyl-phenylammonium chloride', 'control_pce': 24.3, 'treated_pce': 26.4, 'control_voc': None, 'treated_voc': None, 'test_1': {'stability_type': 'ISOSLT', 'humidity': '30-50', 'temperature': 35.0, 'time': 600.0, 'efficiency_cont': None, 'efficiency_tret': 90.0}}"
