id,paper_num,output
0_54,0,"{'perovskite_composition': 'Cs0.05FA0.85MA0.1PbI3', 'electron_transport_layer': 'C60', 'hole_transport_layer': '2PACz and Me-4PACz', 'structure_pin_nip': 'PIN', 'test_1': {'stability_type': 'ISOSL', 'passivating_molecule': '4-chlorobenzenesulfonate (4Cl-BZS)', 'humidity': None, 'temperature': 65.0, 'time': 1200.0, 'control_pce': 24.0, 'treated_pce': 26.9, 'control_voc': None, 'treated_voc': 1.18, 'efficiency_control': None, 'efficiency_tret': 95.0}}"
1_22,1,"{'perovskite_composition': None, 'electron_transport_layer': 'TinOxide', 'hole_transport_layer': 'PTAA', 'structure_pin_nip': 'PIN', 'test_1': {'stability_type': 'ISOST', 'passivating_molecule': 'phenethylammonium', 'humidity': None, 'temperature': 85.0, 'time': 500.0, 'control_pce': None, 'treated_pce': 19.1, 'control_voc': None, 'treated_voc': 1.16, 'efficiency_control': None, 'efficiency_tret': None}}"
2_75,2,"{'perovskite_composition': '(BA)2PbI 4', 'electron_transport_layer': 'tin dioxide', 'hole_transport_layer': 'Spiro-OMeTAD', 'structure_pin_nip': 'NIP', 'test_1': {'stability_type': 'ISOSL', 'passivating_molecule': None, 'humidity': 85.0, 'temperature': 25.0, 'time': 1620.0, 'control_pce': 22.3, 'treated_pce': 24.3, 'control_voc': None, 'treated_voc': 1.18, 'efficiency_control': None, 'efficiency_tret': 98.0, 'efficiency_cont': 58.6}, 'test_1_2': {'stability_type': 'ISOSD', 'passivating_molecule': None, 'humidity': 85.0, 'temperature': 85.0, 'time': 1056.0, 'control_pce': None, 'treated_pce': 21.3, 'control_voc': None, 'treated_voc': None, 'efficiency_control': None, 'efficiency_tret': 94.0}, 'test_2': {'stability_type': 'ISOSLT', 'passivating_molecule': None, 'humidity': None, 'temperature': 25.0, 'time': 1620.0, 'control_pce': None, 'treated_pce': 24.0, 'control_voc': None, 'treated_voc': None, 'efficiency_control': None, 'efficiency_tret': 98.0}}"
3_52,3,"{'perovskite_composition': 'Cs0.05(MA0.10FA0.85)Pb(I0.90Br0.10)3', 'electron_transport_layer': 'tin dioxide', 'hole_transport_layer': 'Spiro-OMeTAD', 'structure_pin_nip': 'NIP', 'test_1': {'stability_type': 'ISOSL1', 'passivating_molecule': None, 'humidity': None, 'temperature': None, 'time': 2000.0, 'control_pce': None, 'treated_pce': 24.5, 'control_voc': None, 'treated_voc': 1.2, 'efficiency_control': None, 'efficiency_tret': 99.0, 'efficiency_cont': 25.0}}"
4_26,4,"{'perovskite_composition': '(MAPbBr3)0.05(FAPbI3)0.95', 'electron_transport_layer': 'tin dioxide', 'hole_transport_layer': 'Spiro-OMeTAD', 'structure_pin_nip': 'NIP'}"
5_25,5,"{'perovskite_composition': 'BA2PbI 4', 'electron_transport_layer': 'C60', 'hole_transport_layer': 'Spiro-OMeTAD', 'structure_pin_nip': 'NIP', 'test_1': {'stability_type': None, 'passivating_molecule': 'iso-butylamine iodide', 'humidity': None, 'temperature': None, 'time': None, 'control_pce': None, 'treated_pce': 22.1, 'control_voc': None, 'treated_voc': 1.13, 'efficiency_control': None, 'efficiency_tret': None}}"
6_28,6,"{'perovskite_composition': 'MAPbI 3', 'electron_transport_layer': 'Titanium dioxide', 'hole_transport_layer': 'Spiro-OMeTAD', 'structure_pin_nip': None, 'test_1': {'stability_type': 'ISOSD', 'passivating_molecule': 'phenylethylammonium iodide', 'humidity': None, 'temperature': None, 'time': 1344.0, 'control_pce': None, 'treated_pce': 18.8, 'control_voc': None, 'treated_voc': 1.16, 'efficiency_control': None, 'efficiency_tret': 97.0}}"
7_79,7,"{'perovskite_composition': 'CsPbBr 3', 'electron_transport_layer': 'C60', 'hole_transport_layer': None, 'structure_pin_nip': 'NIP', 'test_1': {'stability_type': None, 'passivating_molecule': '(ethylenedioxy)bis(ethylammonium)', 'humidity': 65.0, 'temperature': None, 'time': 1000.0, 'control_pce': None, 'treated_pce': None, 'control_voc': None, 'treated_voc': None, 'efficiency_control': None, 'efficiency_tret': 90.0}}"
8_56,8,"{'perovskite_composition': None, 'electron_transport_layer': 'Tin Oxide', 'hole_transport_layer': 'Spiro-OMeTAD', 'structure_pin_nip': 'NIP', 'test_1': {'stability_type': 'ISOSLT', 'passivating_molecule': 'ethylammonium pyrene', 'humidity': None, 'temperature': 40.0, 'time': 2000.0, 'control_pce': 19.3, 'treated_pce': 22.4, 'control_voc': None, 'treated_voc': 1.17, 'efficiency_control': None, 'efficiency_tret': 0.85, 'efficiency_cont': 0.6}}"
9_25,9,"{'perovskite_composition': 'MAPbI3', 'electron_transport_layer': 'PCBM', 'hole_transport_layer': None, 'structure_pin_nip': None, 'test_1': {'stability_type': None, 'passivating_molecule': 'EDBE', 'humidity': None, 'temperature': None, 'time': None, 'control_pce': 14.6, 'treated_pce': 17.6, 'control_voc': None, 'treated_voc': None, 'efficiency_control': None, 'efficiency_tret': None}}"
10_39,10,"{'perovskite_composition': '(FAPbI3)0.95(MAPbBr3)0.05', 'electron_transport_layer': 'TinOxide', 'hole_transport_layer': 'Spiro-OMeTAD', 'structure_pin_nip': 'NIP', 'test_1': {'stability_type': None, 'passivating_molecule': 'OATsO', 'humidity': None, 'temperature': None, 'time': 800.0, 'control_pce': None, 'treated_pce': 24.4, 'control_voc': None, 'treated_voc': None, 'efficiency_control': None, 'efficiency_tret': 100.0}, 'test_1_2': {'stability_type': 'ISOSL', 'passivating_molecule': 'OABF4', 'humidity': None, 'temperature': 40.0, 'time': 500.0, 'control_pce': None, 'treated_pce': None, 'control_voc': None, 'treated_voc': None, 'efficiency_control': None, 'efficiency_tret': 91.5}}"
11_67,11,"{'perovskite_composition': None, 'electron_transport_layer': 'Tin Oxide', 'hole_transport_layer': 'Spiro-OMeTAD', 'structure_pin_nip': 'NIP', 'test_1': {'stability_type': 'ISOSL', 'passivating_molecule': 'benzotriazole', 'humidity': None, 'temperature': None, 'time': 24.0, 'control_pce': 20.2, 'treated_pce': 21.8, 'control_voc': 1.11, 'treated_voc': 1.16, 'efficiency_control': None, 'efficiency_tret': 104.0, 'efficiency_cont': 98.0}}"
12_30,12,"{'perovskite_composition': 'Cs0.15FA0.85PbI2.19Br0.81', 'electron_transport_layer': None, 'hole_transport_layer': 'Spiro-OMeTAD', 'structure_pin_nip': 'NIP', 'test_1': {'stability_type': 'ISOSL', 'passivating_molecule': 'butylammonium bromide', 'humidity': None, 'temperature': None, 'time': 20.0, 'control_pce': None, 'treated_pce': 19.8, 'control_voc': 17.5, 'treated_voc': 1.31, 'efficiency_control': None, 'efficiency_tret': None}}"
13_50,13,"{'perovskite_composition': 'Cs0.12FA0.8MA0.08PbI1.8Br1', 'electron_transport_layer': 'PCBM', 'hole_transport_layer': None, 'structure_pin_nip': 'PIN', 'test_1': {'stability_type': None, 'passivating_molecule': '2-thiopheneethylammonium chloride', 'humidity': None, 'temperature': None, 'time': 9.0, 'control_pce': None, 'treated_pce': 23.8, 'control_voc': None, 'treated_voc': 1.29, 'efficiency_control': None, 'efficiency_tret': None, 'efficiency_cont': 80.0}, 'test_1_2': {'stability_type': 'ISOST', 'passivating_molecule': None, 'humidity': None, 'temperature': 60.0, 'time': 265.0, 'control_pce': None, 'treated_pce': 23.8, 'control_voc': None, 'treated_voc': 1.29, 'efficiency_control': None, 'efficiency_tret': 92.0, 'efficiency_cont': 82.0}}"
14_24,14,"{'perovskite_composition': 'Cs0.05(FA5/6MA1/6)0.95Pb(I0.85Br0.15 )3', 'electron_transport_layer': 'PCBM', 'hole_transport_layer': 'PTAA', 'structure_pin_nip': 'PIN', 'test_1': {'stability_type': 'ISOSL', 'passivating_molecule': 'chlorophenylethylammonium iodide', 'humidity': None, 'temperature': None, 'time': 33.0, 'control_pce': 21.5, 'treated_pce': 23.7, 'control_voc': 1.1, 'treated_voc': 1.18, 'efficiency_control': None, 'efficiency_tret': 100.0, 'efficiency_cont': 90.0}}"
15_27,15,"{'perovskite_composition': 'Cs0.05(FA5/6MA1/6)0.95Pb(I0.9Br0.1)3', 'electron_transport_layer': 'PCBM', 'hole_transport_layer': 'PTAA', 'structure_pin_nip': 'PIN', 'test_1': {'stability_type': None, 'passivating_molecule': 'fluorophenylethylammonium iodide', 'humidity': None, 'temperature': None, 'time': None, 'control_pce': 21.7, 'treated_pce': 23.7, 'control_voc': 1.11, 'treated_voc': 1.17, 'efficiency_control': None, 'efficiency_tret': None}}"
16_11,16,"{'perovskite_composition': 'FAPbI3', 'electron_transport_layer': 'TinOxide', 'hole_transport_layer': 'Spiro-OMeTAD', 'structure_pin_nip': 'NIP', 'test_1': {'stability_type': None, 'passivating_molecule': 'CF3-phenethylammonium', 'humidity': None, 'temperature': None, 'time': None, 'control_pce': 18.8, 'treated_pce': 21.0, 'control_voc': 1.04, 'treated_voc': 1.11, 'efficiency_control': None, 'efficiency_tret': None}}"
17_29,17,"{'perovskite_composition': 'Cs0.05FA0.81MA0.14PbI2.55Br0.45', 'electron_transport_layer': 'tin dioxide', 'hole_transport_layer': 'PTAA', 'structure_pin_nip': 'NIP', 'test_1': {'stability_type': 'ISOSL', 'passivating_molecule': None, 'humidity': None, 'temperature': None, 'time': 48.0, 'control_pce': 20.0, 'treated_pce': 20.9, 'control_voc': 1.16, 'treated_voc': 1.19, 'efficiency_control': None, 'efficiency_tret': 86.0}}"
18_37,18,"{'perovskite_composition': None, 'electron_transport_layer': 'Tin Oxide', 'hole_transport_layer': 'Spiro-OMeTAD', 'structure_pin_nip': 'NIP', 'test_1': {'stability_type': None, 'passivating_molecule': '2-thiophenemethylammonium iodide', 'humidity': None, 'temperature': None, 'time': None, 'control_pce': None, 'treated_pce': None, 'control_voc': None, 'treated_voc': None, 'efficiency_control': None, 'efficiency_tret': None}}"
19_55,19,"{'perovskite_composition': 'Cs 0.05 MA 0.05 FA 0.9 Pb(I 0.95 Br 0.05 ) 3', 'electron_transport_layer': 'C60', 'hole_transport_layer': '2PACz', 'structure_pin_nip': None, 'test_1': {'stability_type': 'ISOSLT', 'passivating_molecule': '3,4,5-trifluoroanilinium', 'humidity': 50.0, 'temperature': 85.0, 'time': 1560.0, 'control_pce': 21.0, 'treated_pce': 24.0, 'control_voc': 1.26, 'treated_voc': 1.27, 'efficiency_control': None, 'efficiency_tret': None}, 'test_2': {'stability_type': 'ISOSL', 'passivating_molecule': None, 'humidity': 50.0, 'temperature': 85.0, 'time': 1586.0, 'control_pce': None, 'treated_pce': 21.5, 'control_voc': None, 'treated_voc': None, 'efficiency_control': None, 'efficiency_tret': 84.0}}"
20_14,20,"{'perovskite_composition': 'MAPbI 3', 'electron_transport_layer': None, 'hole_transport_layer': None, 'structure_pin_nip': None, 'test_1': {'stability_type': None, 'passivating_molecule': 'phenylethylammonium lead iodide', 'humidity': None, 'temperature': None, 'time': None, 'control_pce': None, 'treated_pce': None, 'control_voc': None, 'treated_voc': None, 'efficiency_control': None, 'efficiency_tret': None}}"
#:21_32,21,"{'perovskite_composition': '(FAPbI3)0.92(MAPbBr3)0.08', 'electron_transport_layer': None, 'hole_transport_layer': None, 'structure_pin_nip': None, 'test_1': {'stability_type': None, 'passivating_molecule': None, 'humidity': None, 'temperature': None, 'time': None, 'control_pce': 22.3, 'treated_pce': 21.3, 'control_voc': 1.16, 'treated_voc': 1.14, 'efficiency_control': None, 'efficiency_tret': None}}"
22_13,22,"{'perovskite_composition': 'FAPbI 3', 'electron_transport_layer': None, 'hole_transport_layer': None, 'structure_pin_nip': 'NIP', 'test_1': {'stability_type': None, 'passivating_molecule': 'cyclohexylmethylammonium iodide', 'humidity': None, 'temperature': None, 'time': None, 'control_pce': 21.4, 'treated_pce': 23.9, 'control_voc': 1.09, 'treated_voc': 1.14, 'efficiency_control': None, 'efficiency_tret': 95.0}, 'test_1_2': {'stability_type': 'ISOSL', 'passivating_molecule': None, 'humidity': '20-30', 'temperature': None, 'time': 2400.0, 'control_pce': None, 'treated_pce': None, 'control_voc': None, 'treated_voc': None, 'efficiency_control': None, 'efficiency_tret': 91.0, 'efficiency_cont': 85.0}, 'test_2': {'stability_type': 'ISOSLT', 'passivating_molecule': None, 'humidity': None, 'temperature': None, 'time': 1050.0, 'control_pce': None, 'treated_pce': None, 'control_voc': None, 'treated_voc': None, 'efficiency_control': None, 'efficiency_tret': 95.0, 'efficiency_cont': 76.0}, 'test_3_2': {'stability_type': 'ISOSD2', 'passivating_molecule': None, 'humidity': '40+-10', 'temperature': 50.0, 'time': 500.0, 'control_pce': None, 'treated_pce': None, 'control_voc': None, 'treated_voc': None, 'efficiency_control': None, 'efficiency_tret': 73.0, 'efficiency_cont': 40.0}, 'test_3': {'stability_type': None, 'passivating_molecule': None, 'humidity': None, 'temperature': None, 'time': None, 'control_pce': None, 'treated_pce': None, 'control_voc': None, 'treated_voc': None, 'efficiency_control': None, 'efficiency_tret': 93.0}}"
23_71,23,"{'perovskite_composition': 'Cs0.05MA0.1FA0.85PbI3', 'electron_transport_layer': None, 'hole_transport_layer': None, 'structure_pin_nip': 'NIP', 'test_1': {'stability_type': 'ISOSL1', 'passivating_molecule': 'phenethylammonium iodide', 'humidity': 50.0, 'temperature': None, 'time': 1000.0, 'control_pce': None, 'treated_pce': 23.9, 'control_voc': None, 'treated_voc': 1.15, 'efficiency_control': None, 'efficiency_tret': 100.0}, 'test_2': {'stability_type': 'ISOSL3', 'passivating_molecule': None, 'humidity': None, 'temperature': 65.0, 'time': 500.0, 'control_pce': None, 'treated_pce': None, 'control_voc': None, 'treated_voc': None, 'efficiency_control': None, 'efficiency_tret': 92.0}}"
24_30,24,"{'perovskite_composition': 'CsPbI 3', 'electron_transport_layer': 'Titanium dioxide', 'hole_transport_layer': 'copper(I) thiocyanate', 'structure_pin_nip': None, 'test_1': {'stability_type': 'ISOSD', 'passivating_molecule': None, 'humidity': None, 'temperature': 110.0, 'time': 2100.0, 'control_pce': 14.9, 'treated_pce': 17.4, 'control_voc': None, 'treated_voc': None, 'efficiency_control': None, 'efficiency_tret': 80.0}}"
25_9,25,"{'perovskite_composition': 'FAPbI3', 'electron_transport_layer': None, 'hole_transport_layer': None, 'structure_pin_nip': None}"
26_27,26,"{'perovskite_composition': 'MAPbI 3', 'electron_transport_layer': None, 'hole_transport_layer': None, 'structure_pin_nip': None}"
27_40,27,"{'perovskite_composition': None, 'electron_transport_layer': None, 'hole_transport_layer': None, 'structure_pin_nip': 'NIP', 'test_1': {'stability_type': 'ISOSLT', 'passivating_molecule': 'trifluoromethylphenylethylammonium', 'humidity': None, 'temperature': None, 'time': 2000.0, 'control_pce': None, 'treated_pce': 18.5, 'control_voc': None, 'treated_voc': 1.23, 'efficiency_control': None, 'efficiency_tret': 100.0}}"
28_43,28,"{'perovskite_composition': 'CsPbI3', 'electron_transport_layer': None, 'hole_transport_layer': None, 'structure_pin_nip': None}"
#:29_27,29,"{'perovskite_composition': None, 'electron_transport_layer': None, 'hole_transport_layer': None, 'structure_pin_nip': None}"
30_60,30,"{'perovskite_composition': 'FACsPbI 3', 'electron_transport_layer': 'tin dioxide', 'hole_transport_layer': 'Spiro-OMeTAD', 'structure_pin_nip': 'NIP', 'test_1': {'stability_type': 'ISOSLT', 'passivating_molecule': None, 'humidity': None, 'temperature': None, 'time': 500.0, 'control_pce': 10.9, 'treated_pce': 23.2, 'control_voc': None, 'treated_voc': 1.16, 'efficiency_control': None, 'efficiency_tret': 80.0}}"
31_27,31,"{'perovskite_composition': 'Rb0.05Cs0.05MA0.05FA0.85Pb(I0.95Br0.05)3', 'electron_transport_layer': 'C60', 'hole_transport_layer': 'MeO-2PACZ', 'structure_pin_nip': 'PIN', 'test_1': {'stability_type': 'ISOSLT', 'passivating_molecule': '3-(aminomethyl)pyridine', 'humidity': None, 'temperature': 55.0, 'time': 2428.0, 'control_pce': 23.3, 'treated_pce': 25.4, 'control_voc': None, 'treated_voc': 1.19, 'efficiency_control': None, 'efficiency_tret': 87.0, 'efficiency_cont': 76.0}, 'test_2': {'stability_type': 'ISOSL2', 'passivating_molecule': None, 'humidity': None, 'temperature': 65.0, 'time': 1315.0, 'control_pce': None, 'treated_pce': None, 'control_voc': None, 'treated_voc': None, 'efficiency_control': None, 'efficiency_tret': 90.0}, 'test_3': {'stability_type': 'ISOSD3', 'passivating_molecule': None, 'humidity': 85.0, 'temperature': 85.0, 'time': 850.0, 'control_pce': None, 'treated_pce': None, 'control_voc': None, 'treated_voc': None, 'efficiency_control': None, 'efficiency_tret': 94.0}}"
32_15,32,"{'perovskite_composition': 'Methylammonium Lead Iodide', 'electron_transport_layer': None, 'hole_transport_layer': None, 'structure_pin_nip': None}"
33_44,33,"{'perovskite_composition': 'FAPbI3', 'electron_transport_layer': None, 'hole_transport_layer': None, 'structure_pin_nip': None}"
35_7,35,"{'perovskite_composition': '(CsPbI3)0.05[(FAPbI3)0.83(MAPbBr3)0.17]0.95', 'electron_transport_layer': None, 'hole_transport_layer': 'Spiro-OMeTAD', 'structure_pin_nip': None}"
36_26,36,"{'perovskite_composition': 'FA0.8MA0.2PbI 3', 'electron_transport_layer': 'C60', 'hole_transport_layer': 'poly(triarylamine)', 'structure_pin_nip': 'PIN', 'test_1': {'stability_type': None, 'passivating_molecule': 'tri-octyl phosphine oxide', 'humidity': None, 'temperature': None, 'time': None, 'control_pce': None, 'treated_pce': 22.4, 'control_voc': 1.07, 'treated_voc': 1.09, 'efficiency_control': None, 'efficiency_tret': None}}"
37_40,37,"{'perovskite_composition': None, 'electron_transport_layer': None, 'hole_transport_layer': None, 'structure_pin_nip': None, 'test_1': {'stability_type': None, 'passivating_molecule': '1,3-propylene diammonium', 'humidity': None, 'temperature': None, 'time': 700.0, 'control_pce': None, 'treated_pce': 19.0, 'control_voc': None, 'treated_voc': 1.35, 'efficiency_control': None, 'efficiency_tret': 100.0}, 'test_2': {'stability_type': None, 'passivating_molecule': None, 'humidity': None, 'temperature': None, 'time': 500.0, 'control_pce': None, 'treated_pce': 26.3, 'control_voc': None, 'treated_voc': 2.19, 'efficiency_control': None, 'efficiency_tret': 86.0}}"
39_14,39,"{'perovskite_composition': '(FAPbI 3 ) 0.87(MAPbBr3)0.13]0.92(CsPbI3)0.08', 'electron_transport_layer': 'Titanium dioxide', 'hole_transport_layer': 'Spiro-OMeTAD', 'structure_pin_nip': None, 'test_1': {'stability_type': 'ISOSLT', 'passivating_molecule': '2-thiophenemethylammonium bromide', 'humidity': None, 'temperature': None, 'time': 1000.0, 'control_pce': 20.7, 'treated_pce': 20.8, 'control_voc': 1.09, 'treated_voc': 1.17, 'efficiency_control': None, 'efficiency_tret': 75.0, 'efficiency_cont': 65.0}}"
40_21,40,"{'perovskite_composition': None, 'electron_transport_layer': None, 'hole_transport_layer': 'PTAA', 'structure_pin_nip': None, 'test_1': {'stability_type': 'ISOSD', 'passivating_molecule': 'oleylammonium iodide', 'humidity': 85.0, 'temperature': 85.0, 'time': 1000.0, 'control_pce': None, 'treated_pce': 24.3, 'control_voc': None, 'treated_voc': None, 'efficiency_control': None, 'efficiency_tret': 95.0}}"
41_47,41,"{'perovskite_composition': None, 'electron_transport_layer': 'SnO2', 'hole_transport_layer': 'Spiro-OMeTAD', 'structure_pin_nip': 'NIP', 'test_1': {'stability_type': 'ISOSL', 'passivating_molecule': 'ortho-(phenylene)di(ethylammonium) iodide', 'humidity': '40-50', 'temperature': 85.0, 'time': 1008.0, 'control_pce': 20.8, 'treated_pce': 23.9, 'control_voc': 1.13, 'treated_voc': 1.15, 'efficiency_control': None, 'efficiency_tret': 85.0, 'efficiency_cont': 58.0}, 'test_2': {'stability_type': 'ISOST', 'passivating_molecule': 'ortho-(phenylene)di(ethylammonium) iodide', 'humidity': None, 'temperature': 85.0, 'time': 1000.0, 'control_pce': 20.3, 'treated_pce': 22.3, 'control_voc': None, 'treated_voc': None, 'efficiency_control': None, 'efficiency_tret': 75.0, 'efficiency_cont': 51.0}, 'test_3': {'stability_type': 'ISOSLT', 'passivating_molecule': 'ortho-(phenylene)di(ethylammonium) iodide', 'humidity': None, 'temperature': None, 'time': 1100.0, 'control_pce': None, 'treated_pce': None, 'control_voc': None, 'treated_voc': None, 'efficiency_control': None, 'efficiency_tret': 90.0, 'efficiency_cont': 60.0}}"
42_18,42,"{'perovskite_composition': 'Cs0.05MA0.1FA0.85PbI2.7Br0.3', 'electron_transport_layer': None, 'hole_transport_layer': None, 'structure_pin_nip': None, 'test_1': {'stability_type': 'ISOSL', 'passivating_molecule': 'azetidinium lead iodide', 'humidity': None, 'temperature': 52.0, 'time': 1000.0, 'control_pce': None, 'treated_pce': 22.4, 'control_voc': 1.07, 'treated_voc': 1.14, 'efficiency_control': None, 'efficiency_tret': 85.0, 'efficiency_cont': 47.0}}"
43_36,43,"{'perovskite_composition': 'FAPbI 3', 'electron_transport_layer': None, 'hole_transport_layer': 'Spiro-OMeTAD', 'structure_pin_nip': None, 'test_1': {'stability_type': 'ISOSD', 'passivating_molecule': None, 'humidity': '80+-20', 'temperature': None, 'time': 500.0, 'control_pce': 23.0, 'treated_pce': 24.5, 'control_voc': 1.12, 'treated_voc': 1.15, 'efficiency_control': None, 'efficiency_tret': 47.9, 'efficiency_cont': 9.65}}"
44_15,44,"{'perovskite_composition': None, 'electron_transport_layer': 'Silicon Oxide', 'hole_transport_layer': None, 'structure_pin_nip': 'PIN', 'test_1': {'stability_type': None, 'passivating_molecule': None, 'humidity': None, 'temperature': None, 'time': None, 'control_pce': None, 'treated_pce': 21.1, 'control_voc': None, 'treated_voc': None, 'efficiency_control': None, 'efficiency_tret': None}}"
45_12,45,"{'perovskite_composition': None, 'electron_transport_layer': 'Silicon dioxide', 'hole_transport_layer': None, 'structure_pin_nip': None}"
46_41,46,"{'perovskite_composition': 'CsPbI0.05[(FAPbI3)0.89(MAPbBr3)0.11]0.95', 'electron_transport_layer': None, 'hole_transport_layer': None, 'structure_pin_nip': 'PIN', 'test_1': {'stability_type': 'ISOSLT', 'passivating_molecule': 'Lithium Fluoride', 'humidity': 25.0, 'temperature': 25.0, 'time': 100.0, 'control_pce': None, 'treated_pce': 19.6, 'control_voc': None, 'treated_voc': 1.16, 'efficiency_control': None, 'efficiency_tret': 0.6}}"
47_36,47,"{'perovskite_composition': 'MAPbI3', 'electron_transport_layer': None, 'hole_transport_layer': 'PTAA', 'structure_pin_nip': None, 'test_1': {'stability_type': 'ISOSLT', 'passivating_molecule': None, 'humidity': '60+-10', 'temperature': 65.0, 'time': 1200.0, 'control_pce': 18.2, 'treated_pce': 24.2, 'control_voc': None, 'treated_voc': None, 'efficiency_control': None, 'efficiency_tret': 96.8}}"
48_19,48,"{'perovskite_composition': None, 'electron_transport_layer': None, 'hole_transport_layer': 'PTAA', 'structure_pin_nip': 'PIN', 'test_1': {'stability_type': None, 'passivating_molecule': 'PS Plastic Foam 1%', 'humidity': None, 'temperature': None, 'time': None, 'control_pce': 16.9, 'treated_pce': 20.3, 'control_voc': 1.07, 'treated_voc': 1.1, 'efficiency_control': None, 'efficiency_tret': None}}"
49_32,49,"{'perovskite_composition': None, 'electron_transport_layer': 'indium tin oxide', 'hole_transport_layer': 'spiro-OMeTAD/chlorobenzene', 'structure_pin_nip': None, 'test_1': {'stability_type': 'ISOSL', 'passivating_molecule': 'n-butylamine iodide', 'humidity': '65+-10', 'temperature': None, 'time': 4680.0, 'control_pce': None, 'treated_pce': 16.2, 'control_voc': None, 'treated_voc': 1.31, 'efficiency_control': None, 'efficiency_tret': 93.8, 'efficiency_cont': 50.6}, 'test_2': {'stability_type': 'ISOST', 'passivating_molecule': None, 'humidity': None, 'temperature': 85.0, 'time': 558.0, 'control_pce': None, 'treated_pce': None, 'control_voc': None, 'treated_voc': None, 'efficiency_control': None, 'efficiency_tret': 95.7, 'efficiency_cont': 59.1}, 'test_3': {'stability_type': 'ISOSL', 'passivating_molecule': None, 'humidity': None, 'temperature': None, 'time': 1100.0, 'control_pce': None, 'treated_pce': None, 'control_voc': None, 'treated_voc': None, 'efficiency_control': None, 'efficiency_tret': 96.2, 'efficiency_cont': 70.8}}"
50_26,50,"{'perovskite_composition': '(MA0.14FA0.81Cs0.05)9-Pb10(I0.85Br0.15)', 'electron_transport_layer': None, 'hole_transport_layer': 'Spiro-OMeTAD', 'structure_pin_nip': None, 'test_1': {'stability_type': None, 'passivating_molecule': 'butylammonium', 'humidity': None, 'temperature': None, 'time': 650.0, 'control_pce': None, 'treated_pce': 21.0, 'control_voc': None, 'treated_voc': None, 'efficiency_control': None, 'efficiency_tret': 90.0}}"
51_24,51,"{'perovskite_composition': 'MAPbI3', 'electron_transport_layer': None, 'hole_transport_layer': None, 'structure_pin_nip': 'NIP'}"
52_22,52,"{'perovskite_composition': None, 'electron_transport_layer': None, 'hole_transport_layer': None, 'structure_pin_nip': None}"
53_54,53,"{'perovskite_composition': 'FA0.85MA0.1Cs0.05PbI2.9Br0.1', 'electron_transport_layer': 'TinOxide', 'hole_transport_layer': 'Spiro-OMeTAD', 'structure_pin_nip': 'NIP', 'test_1': {'stability_type': None, 'passivating_molecule': 'DMePDAI 2', 'humidity': 85.0, 'temperature': None, 'time': 740.0, 'control_pce': 20.9, 'treated_pce': 24.0, 'control_voc': None, 'treated_voc': None, 'efficiency_control': None, 'efficiency_tret': 53.0}, 'test_1_2': {'stability_type': 'ISOSL1', 'passivating_molecule': None, 'humidity': None, 'temperature': 40.0, 'time': 1000.0, 'control_pce': 22.0, 'treated_pce': 24.7, 'control_voc': None, 'treated_voc': None, 'efficiency_control': None, 'efficiency_tret': 90.0, 'efficiency_cont': 57.0}, 'test_2_2': {'stability_type': 'ISOSD', 'passivating_molecule': None, 'humidity': 85.0, 'temperature': None, 'time': 740.0, 'control_pce': None, 'treated_pce': None, 'control_voc': None, 'treated_voc': None, 'efficiency_control': None, 'efficiency_tret': 73.0, 'efficiency_cont': 27.0}, 'test_2': {'stability_type': None, 'passivating_molecule': None, 'humidity': None, 'temperature': None, 'time': None, 'control_pce': None, 'treated_pce': None, 'control_voc': None, 'treated_voc': None, 'efficiency_control': None, 'efficiency_tret': 35.0}, 'test_3_2': {'stability_type': 'ISOST', 'passivating_molecule': None, 'humidity': 5.0, 'temperature': 85.0, 'time': 1008.0, 'control_pce': None, 'treated_pce': None, 'control_voc': None, 'treated_voc': None, 'efficiency_control': None, 'efficiency_tret': 81.0, 'efficiency_cont': 29.0}}"
54_32,54,"{'perovskite_composition': 'MAPbBr 3', 'electron_transport_layer': None, 'hole_transport_layer': None, 'structure_pin_nip': 'NIP', 'test_1': {'stability_type': None, 'passivating_molecule': None, 'humidity': None, 'temperature': None, 'time': None, 'control_pce': None, 'treated_pce': 3.2, 'control_voc': None, 'treated_voc': None, 'efficiency_control': None, 'efficiency_tret': None}}"
55_17,55,"{'perovskite_composition': 'MAPbI3', 'electron_transport_layer': None, 'hole_transport_layer': None, 'structure_pin_nip': None, 'test_1': {'stability_type': None, 'passivating_molecule': 'methylammonium', 'humidity': None, 'temperature': None, 'time': None, 'control_pce': None, 'treated_pce': None, 'control_voc': None, 'treated_voc': None, 'efficiency_control': None, 'efficiency_tret': None}}"
56_43,56,"{'perovskite_composition': 'FA0.83Cs0.17Pb0.5Sn0.5I3', 'electron_transport_layer': 'TitaniumDioxide', 'hole_transport_layer': 'Spiro-OMeTAD', 'structure_pin_nip': 'NIP'}"
57_27,57,"{'perovskite_composition': 'Cs 0.05 (FA0.83MA0.17)0.95Pb(I0.83Br0.17)3', 'electron_transport_layer': 'C60', 'hole_transport_layer': 'poly(triarylamine)', 'structure_pin_nip': 'PIN', 'test_1': {'stability_type': 'ISOSLT', 'passivating_molecule': None, 'humidity': None, 'temperature': 27.0, 'time': 350.0, 'control_pce': None, 'treated_pce': 21.0, 'control_voc': None, 'treated_voc': 1.09, 'efficiency_control': None, 'efficiency_tret': 95.0}}"
58_47,58,"{'perovskite_composition': 'FA0.83Cs0.17Pb(I0.83Br0.17)3', 'electron_transport_layer': 'C60', 'hole_transport_layer': 'Spiro-OMeTAD', 'structure_pin_nip': None, 'test_1': {'stability_type': None, 'passivating_molecule': None, 'humidity': None, 'temperature': None, 'time': None, 'control_pce': None, 'treated_pce': 18.5, 'control_voc': None, 'treated_voc': None, 'efficiency_control': None, 'efficiency_tret': None}}"
59_26,59,"{'perovskite_composition': 'MAPbI3', 'electron_transport_layer': None, 'hole_transport_layer': None, 'structure_pin_nip': 'NIP', 'test_1': {'stability_type': None, 'passivating_molecule': 'phenethylammonium iodide', 'humidity': None, 'temperature': None, 'time': None, 'control_pce': 17.5, 'treated_pce': 19.0, 'control_voc': 1.16, 'treated_voc': 1.25, 'efficiency_control': None, 'efficiency_tret': None}}"
60_15,60,"{'perovskite_composition': '(FAPbI3)0.95(MAPbBr3)0.05', 'electron_transport_layer': 'TinOxide', 'hole_transport_layer': 'Spiro-OMeTAD', 'structure_pin_nip': 'NIP', 'test_1': {'stability_type': None, 'passivating_molecule': 'NOTE:This is how to prepare the PSC,relevent...?', 'humidity': None, 'temperature': None, 'time': None, 'control_pce': None, 'treated_pce': 21.7, 'control_voc': None, 'treated_voc': None, 'efficiency_control': None, 'efficiency_tret': None}}"
61_19,61,"{'perovskite_composition': 'MAPbI 3', 'electron_transport_layer': None, 'hole_transport_layer': None, 'structure_pin_nip': 'NIP', 'test_1': {'stability_type': 'ISOST', 'passivating_molecule': None, 'humidity': 30.0, 'temperature': 85.0, 'time': 125.0, 'control_pce': None, 'treated_pce': None, 'control_voc': None, 'treated_voc': None, 'efficiency_control': None, 'efficiency_tret': 60.0}, 'test_2': {'stability_type': None, 'passivating_molecule': None, 'humidity': 40.0, 'temperature': None, 'time': 600.0, 'control_pce': None, 'treated_pce': None, 'control_voc': None, 'treated_voc': None, 'efficiency_control': None, 'efficiency_tret': 92.0}}"
62_15,62,"{'perovskite_composition': 'MAPbI 3', 'electron_transport_layer': None, 'hole_transport_layer': None, 'structure_pin_nip': 'NIP', 'test_1': {'stability_type': 'ISOSL', 'passivating_molecule': 'butylammonium iodide', 'humidity': 55.0, 'temperature': 80.0, 'time': 720.0, 'control_pce': None, 'treated_pce': 17.3, 'control_voc': None, 'treated_voc': None, 'efficiency_control': None, 'efficiency_tret': 83.0, 'efficiency_cont': 44.0}, 'test_2': {'stability_type': 'ISOST', 'passivating_molecule': None, 'humidity': None, 'temperature': 80.0, 'time': 720.0, 'control_pce': None, 'treated_pce': None, 'control_voc': None, 'treated_voc': None, 'efficiency_control': None, 'efficiency_tret': 74.0, 'efficiency_cont': 27.0}}"
63_28,63,"{'perovskite_composition': 'MAPbIâ‚ƒ', 'electron_transport_layer': None, 'hole_transport_layer': 'Spiro-OMeTAD', 'structure_pin_nip': None, 'test_1': {'stability_type': None, 'passivating_molecule': None, 'humidity': None, 'temperature': 100.0, 'time': None, 'control_pce': None, 'treated_pce': 11.6, 'control_voc': None, 'treated_voc': None, 'efficiency_control': None, 'efficiency_tret': None}}"
64_22,64,"{'perovskite_composition': None, 'electron_transport_layer': 'bathocuproine', 'hole_transport_layer': 'TaTm', 'structure_pin_nip': 'PIN', 'test_1': {'stability_type': None, 'passivating_molecule': None, 'humidity': None, 'temperature': None, 'time': None, 'control_pce': 18.6, 'treated_pce': 17.0, 'control_voc': None, 'treated_voc': None, 'efficiency_control': None, 'efficiency_tret': None}}"
65_28,65,"{'perovskite_composition': 'MAPbI3', 'electron_transport_layer': None, 'hole_transport_layer': 'Spiro-OMeTAD', 'structure_pin_nip': None, 'test_1': {'stability_type': None, 'passivating_molecule': None, 'humidity': None, 'temperature': None, 'time': None, 'control_pce': None, 'treated_pce': 4.73, 'control_voc': None, 'treated_voc': 1.18, 'efficiency_control': None, 'efficiency_tret': None}}"
66_32,66,"{'perovskite_composition': 'Cs0.15FA0.85PbI2.55Br0.45', 'electron_transport_layer': None, 'hole_transport_layer': None, 'structure_pin_nip': None, 'test_1': {'stability_type': 'ISOSD1', 'passivating_molecule': None, 'humidity': '30+-3', 'temperature': '21+-2', 'time': 1566.0, 'control_pce': None, 'treated_pce': None, 'control_voc': None, 'treated_voc': None, 'efficiency_control': None, 'efficiency_tret': 95.0, 'efficiency_cont': 93.0}, 'test_2': {'stability_type': 'ISOSD3', 'passivating_molecule': None, 'humidity': 85.0, 'temperature': 85.0, 'time': 48.0, 'control_pce': None, 'treated_pce': None, 'control_voc': None, 'treated_voc': None, 'efficiency_control': None, 'efficiency_tret': None, 'efficiency_cont': 32.0}, 'test_3': {'stability_type': 'ISOSO3', 'passivating_molecule': None, 'humidity': '60-100', 'temperature': None, 'time': 4380.0, 'control_pce': None, 'treated_pce': None, 'control_voc': None, 'treated_voc': None, 'efficiency_control': None, 'efficiency_tret': 99.0, 'efficiency_cont': 49.0}}"
67_63,67,"{'perovskite_composition': 'FA0.83Cs0.17PbI2.7Br0.3', 'electron_transport_layer': 'TinOxide', 'hole_transport_layer': 'polybisphenyl(trimethylphenyl)amine', 'structure_pin_nip': 'PIN', 'test_1': {'stability_type': 'ISOSLT', 'passivating_molecule': None, 'humidity': None, 'temperature': None, 'time': 250.0, 'control_pce': None, 'treated_pce': None, 'control_voc': None, 'treated_voc': None, 'efficiency_control': None, 'efficiency_tret': 96.0}, 'test_2_2': {'stability_type': 'ISOSL2', 'passivating_molecule': None, 'humidity': None, 'temperature': 85.0, 'time': 800.0, 'control_pce': None, 'treated_pce': 21.3, 'control_voc': None, 'treated_voc': None, 'efficiency_control': None, 'efficiency_tret': 95.0}, 'test_2': {'stability_type': None, 'passivating_molecule': None, 'humidity': None, 'temperature': None, 'time': 20.0, 'control_pce': None, 'treated_pce': 21.1, 'control_voc': None, 'treated_voc': None, 'efficiency_control': None, 'efficiency_tret': 90.0}, 'test_3': {'stability_type': 'ISOSD1', 'passivating_molecule': None, 'humidity': None, 'temperature': None, 'time': 500.0, 'control_pce': None, 'treated_pce': 7.0, 'control_voc': None, 'treated_voc': None, 'efficiency_control': None, 'efficiency_tret': 100.0}}"
68_47,68,"{'perovskite_composition': 'MAPbI 3', 'electron_transport_layer': 'TinOxide', 'hole_transport_layer': 'PEDOT:PSS', 'structure_pin_nip': 'NIP', 'test_1': {'stability_type': 'ISOSLT', 'passivating_molecule': 'PCBM', 'humidity': 50.0, 'temperature': 23.0, 'time': 4300.0, 'control_pce': None, 'treated_pce': 12.8, 'control_voc': None, 'treated_voc': None, 'efficiency_control': None, 'efficiency_tret': 100.0, 'efficiency_cont': 0.0}, 'test_2': {'stability_type': 'ISOSLT', 'passivating_molecule': None, 'humidity': None, 'temperature': 60.0, 'time': 1032.0, 'control_pce': None, 'treated_pce': None, 'control_voc': None, 'treated_voc': None, 'efficiency_control': None, 'efficiency_tret': 99.0, 'efficiency_cont': 0.0}}"
69_17,69,"{'perovskite_composition': 'MAPbI 3', 'electron_transport_layer': 'TinOxide', 'hole_transport_layer': None, 'structure_pin_nip': 'PIN', 'test_1': {'stability_type': 'ISOSL', 'passivating_molecule': 'PCBM', 'humidity': 60.0, 'temperature': 25.0, 'time': 1000.0, 'control_pce': None, 'treated_pce': None, 'control_voc': None, 'treated_voc': None, 'efficiency_control': None, 'efficiency_tret': 90.0, 'efficiency_cont': 0.0}}"
70_23,70,"{'perovskite_composition': 'FA0.83MA0.17Pb-(I0.83Br0.17)3', 'electron_transport_layer': 'TinOxide', 'hole_transport_layer': 'Spiro-OMeTAD', 'structure_pin_nip': 'NIP', 'test_1': {'stability_type': 'ISOST', 'passivating_molecule': None, 'humidity': None, 'temperature': 75.0, 'time': None, 'control_pce': None, 'treated_pce': 19.4, 'control_voc': None, 'treated_voc': None, 'efficiency_control': None, 'efficiency_tret': None}, 'test_2': {'stability_type': 'ISOST', 'passivating_molecule': None, 'humidity': None, 'temperature': 20.0, 'time': 15.0, 'control_pce': None, 'treated_pce': 17.7, 'control_voc': None, 'treated_voc': None, 'efficiency_control': None, 'efficiency_tret': None}}"
71_5,71,"{'perovskite_composition': 'MAPbI 3', 'electron_transport_layer': None, 'hole_transport_layer': None, 'structure_pin_nip': None, 'test_1': {'stability_type': None, 'passivating_molecule': 'butylammonium', 'humidity': None, 'temperature': None, 'time': None, 'control_pce': None, 'treated_pce': None, 'control_voc': None, 'treated_voc': None, 'efficiency_control': None, 'efficiency_tret': None}}"
72_12,72,"{'perovskite_composition': 'Cs0.05FA0.8MA0.15PbI2.88Br0.04Cl0.08', 'electron_transport_layer': 'ligand allylammonium', 'hole_transport_layer': None, 'structure_pin_nip': 'NIP', 'test_1': {'stability_type': 'ISOST', 'passivating_molecule': 'poly(methyl methacrylate)', 'humidity': None, 'temperature': None, 'time': 80.0, 'control_pce': 20.0, 'treated_pce': 19.9, 'control_voc': None, 'treated_voc': None, 'efficiency_control': None, 'efficiency_tret': 99.0, 'efficiency_cont': 50.0}}"
73_43,73,"{'perovskite_composition': 'FA0.98Cs0.02PbI3', 'electron_transport_layer': None, 'hole_transport_layer': None, 'structure_pin_nip': 'PIN', 'test_1': {'stability_type': 'ISOSD', 'passivating_molecule': 'CF3 -PEAI', 'humidity': 85.0, 'temperature': 85.0, 'time': 1000.0, 'control_pce': None, 'treated_pce': 25.1, 'control_voc': 1.02, 'treated_voc': 1.09, 'efficiency_control': None, 'efficiency_tret': 98.2}, 'test_1_2': {'stability_type': 'ISOSLT', 'passivating_molecule': None, 'humidity': '50+-5', 'temperature': '50+-5', 'time': 1800.0, 'control_pce': 21.4, 'treated_pce': 23.6, 'control_voc': None, 'treated_voc': None, 'efficiency_control': None, 'efficiency_tret': 82.1, 'efficiency_cont': 67.2}, 'test_2_2': {'stability_type': 'ISOSD', 'passivating_molecule': None, 'humidity': 85.0, 'temperature': 85.0, 'time': 1000.0, 'control_pce': None, 'treated_pce': None, 'control_voc': None, 'treated_voc': None, 'efficiency_control': None, 'efficiency_tret': 91.1}, 'test_2': {'stability_type': None, 'passivating_molecule': None, 'humidity': None, 'temperature': None, 'time': None, 'control_pce': None, 'treated_pce': 24.8, 'control_voc': None, 'treated_voc': None, 'efficiency_control': None, 'efficiency_tret': 98.2, 'efficiency_cont': 71.3}}"
74_29,74,"{'perovskite_composition': '(FAPbI3)0.95(MAPbBr3)0.05', 'electron_transport_layer': 'tin dioxide', 'hole_transport_layer': 'Spiro-OMeTAD', 'structure_pin_nip': 'NIP', 'test_1': {'stability_type': 'ISOSLT', 'passivating_molecule': '4-fluorophenylethylammonium iodide', 'humidity': None, 'temperature': 60.0, 'time': 560.0, 'control_pce': 18.8, 'treated_pce': 21.2, 'control_voc': None, 'treated_voc': 1.13, 'efficiency_control': None, 'efficiency_tret': 90.0}, 'test_1_2': {'stability_type': 'ISOSLT', 'passivating_molecule': None, 'humidity': None, 'temperature': 60.0, 'time': 5000.0, 'control_pce': None, 'treated_pce': None, 'control_voc': None, 'treated_voc': None, 'efficiency_control': None, 'efficiency_tret': 90.0}}"
75_34,75,"{'perovskite_composition': '[(FAPbI 3 ) 0.8(MAPbBr3)0.13]0.92(CsPbI3)0.08', 'electron_transport_layer': None, 'hole_transport_layer': None, 'structure_pin_nip': 'NIP', 'test_1': {'stability_type': 'ISOSLT', 'passivating_molecule': '2-thiopheneethylammonium iodide', 'humidity': None, 'temperature': None, 'time': 1000.0, 'control_pce': 20.4, 'treated_pce': 19.4, 'control_voc': 1.12, 'treated_voc': 1.11, 'efficiency_control': None, 'efficiency_tret': 90.0, 'efficiency_cont': 65.0}}"
76_17,76,"{'perovskite_composition': None, 'electron_transport_layer': None, 'hole_transport_layer': None, 'structure_pin_nip': None}"
77_46,77,"{'perovskite_composition': 'FA0.9Cs0.1Pb3', 'electron_transport_layer': None, 'hole_transport_layer': None, 'structure_pin_nip': 'PIN', 'test_1': {'stability_type': 'ISOSLT', 'passivating_molecule': '(phenethylamino)methaniminium iodide', 'humidity': None, 'temperature': 85.0, 'time': 1500.0, 'control_pce': 21.2, 'treated_pce': 24.1, 'control_voc': None, 'treated_voc': None, 'efficiency_control': None, 'efficiency_tret': 90.0}}"
78_31,78,"{'perovskite_composition': 'FAPbI 3', 'electron_transport_layer': None, 'hole_transport_layer': None, 'structure_pin_nip': 'NIP', 'test_1': {'stability_type': None, 'passivating_molecule': None, 'humidity': None, 'temperature': None, 'time': None, 'control_pce': None, 'treated_pce': 19.2, 'control_voc': None, 'treated_voc': None, 'efficiency_control': None, 'efficiency_tret': None}}"
79_21,79,"{'perovskite_composition': '(FAPbI3)0.97(MAPbBr3)0.03', 'electron_transport_layer': 'TitaniumDioxide', 'hole_transport_layer': 'Spiro-OMeTAD', 'structure_pin_nip': 'NIP', 'test_1': {'stability_type': 'ISOSL', 'passivating_molecule': 'MAPbBr3', 'humidity': 37.0, 'temperature': 28.0, 'time': None, 'control_pce': 18.5, 'treated_pce': 19.9, 'control_voc': None, 'treated_voc': 1.09, 'efficiency_control': None, 'efficiency_tret': None}}"
80_15,80,"{'perovskite_composition': None, 'electron_transport_layer': 'TitaniumDioxide', 'hole_transport_layer': 'Spiro-OMeTAD', 'structure_pin_nip': 'NIP', 'test_1': {'stability_type': 'ISOSD', 'passivating_molecule': 'poly(methyl methacrylate)', 'humidity': None, 'temperature': None, 'time': None, 'control_pce': None, 'treated_pce': 21.6, 'control_voc': None, 'treated_voc': 1.14, 'efficiency_control': None, 'efficiency_tret': 96.7}}"
81_30,81,"{'perovskite_composition': 'Cs0.05FA0.81MA0.14PbI2.55Br0.45', 'electron_transport_layer': 'TitaniumDioxide', 'hole_transport_layer': 'Spiro-OMeTAD', 'structure_pin_nip': None, 'test_1': {'stability_type': 'ISOSL', 'passivating_molecule': None, 'humidity': None, 'temperature': None, 'time': 500.0, 'control_pce': 15.8, 'treated_pce': 20.9, 'control_voc': 1.06, 'treated_voc': 1.14, 'efficiency_control': None, 'efficiency_tret': 90.0}, 'test_2': {'stability_type': 'ISOSD', 'passivating_molecule': None, 'humidity': None, 'temperature': None, 'time': 1440.0, 'control_pce': None, 'treated_pce': None, 'control_voc': None, 'treated_voc': None, 'efficiency_control': None, 'efficiency_tret': 95.0, 'efficiency_cont': 38.0}}"
82_22,82,"{'perovskite_composition': 'MAPbI3', 'electron_transport_layer': None, 'hole_transport_layer': None, 'structure_pin_nip': 'PIN', 'test_1': {'stability_type': 'ISOSD', 'passivating_molecule': 'quanternary ammonium halides', 'humidity': '55-85', 'temperature': None, 'time': 800.0, 'control_pce': 17.1, 'treated_pce': 20.5, 'control_voc': 1.04, 'treated_voc': None, 'efficiency_control': None, 'efficiency_tret': 1.0, 'efficiency_cont': 0.7}, 'test_2': {'stability_type': 'ISOSL', 'passivating_molecule': None, 'humidity': None, 'temperature': None, 'time': 26.0, 'control_pce': None, 'treated_pce': 21.1, 'control_voc': None, 'treated_voc': None, 'efficiency_control': None, 'efficiency_tret': 86.0}}"
83_65,83,"{'perovskite_composition': None, 'electron_transport_layer': 'TitaniumDioxide', 'hole_transport_layer': 'Spiro-OMeTAD', 'structure_pin_nip': 'PIN', 'test_1': {'stability_type': 'ISOSD', 'passivating_molecule': None, 'humidity': '40+-10', 'temperature': 25.0, 'time': 792.0, 'control_pce': 17.3, 'treated_pce': 20.2, 'control_voc': None, 'treated_voc': None, 'efficiency_control': None, 'efficiency_tret': 96.0, 'efficiency_cont': 94.0}}"
84_29,84,"{'perovskite_composition': '(FAPbI3)0.95(MAPbBr3)0.05', 'electron_transport_layer': None, 'hole_transport_layer': 'Spiro-OMeTAD', 'structure_pin_nip': 'NIP', 'test_1': {'stability_type': 'ISOST', 'passivating_molecule': None, 'humidity': None, 'temperature': 60.0, 'time': None, 'control_pce': None, 'treated_pce': 23.2, 'control_voc': None, 'treated_voc': None, 'efficiency_control': None, 'efficiency_tret': None, 'efficiency_cont': 95.0}, 'test_2': {'stability_type': 'ISOSL', 'passivating_molecule': None, 'humidity': None, 'temperature': None, 'time': 310.0, 'control_pce': None, 'treated_pce': None, 'control_voc': None, 'treated_voc': None, 'efficiency_control': None, 'efficiency_tret': 0.92}}"
85_19,85,"{'perovskite_composition': '(FAPbI3)0.95(MAPbBr3)0.05', 'electron_transport_layer': None, 'hole_transport_layer': 'Poly(3-hexylthiophene)', 'structure_pin_nip': 'NIP', 'test_1': {'stability_type': 'ISOSL', 'passivating_molecule': 'n-hexyl trimethyl ammonium bromide', 'humidity': 85.0, 'temperature': None, 'time': 1370.0, 'control_pce': None, 'treated_pce': 22.7, 'control_voc': None, 'treated_voc': None, 'efficiency_control': None, 'efficiency_tret': 95.0}}"
86_61,86,"{'perovskite_composition': None, 'electron_transport_layer': 'TinOxide', 'hole_transport_layer': 'Spiro-OMeTAD', 'structure_pin_nip': None, 'test_1': {'stability_type': 'ISOSD', 'passivating_molecule': None, 'humidity': None, 'temperature': None, 'time': 2880.0, 'control_pce': 18.9, 'treated_pce': 21.6, 'control_voc': 1.1, 'treated_voc': 1.11, 'efficiency_control': None, 'efficiency_tret': 92.0, 'efficiency_cont': 74.0}, 'test_2': {'stability_type': 'ISOSL', 'passivating_molecule': None, 'humidity': None, 'temperature': 120.0, 'time': None, 'control_pce': None, 'treated_pce': None, 'control_voc': None, 'treated_voc': None, 'efficiency_control': None, 'efficiency_tret': 86.0, 'efficiency_cont': 38.0}}"
87_33,87,"{'perovskite_composition': None, 'electron_transport_layer': None, 'hole_transport_layer': None, 'structure_pin_nip': 'NIP', 'test_1': {'stability_type': 'ISOSL', 'passivating_molecule': 'europium ion pair', 'humidity': None, 'temperature': None, 'time': 1000.0, 'control_pce': None, 'treated_pce': 21.5, 'control_voc': None, 'treated_voc': None, 'efficiency_control': None, 'efficiency_tret': 92.0}, 'test_2': {'stability_type': 'ISOST', 'passivating_molecule': None, 'humidity': None, 'temperature': 85.0, 'time': None, 'control_pce': None, 'treated_pce': None, 'control_voc': None, 'treated_voc': None, 'efficiency_control': None, 'efficiency_tret': 0.91}}"
88_30,88,"{'perovskite_composition': 'F- Cs 0.05 FA 0.81 MA 0.14 PbI 2.55 Br 0.45', 'electron_transport_layer': None, 'hole_transport_layer': None, 'structure_pin_nip': 'NIP', 'test_1': {'stability_type': 'ISOSL', 'passivating_molecule': 'FA', 'humidity': None, 'temperature': '25-40', 'time': 1000.0, 'control_pce': 48.8, 'treated_pce': 20.5, 'control_voc': None, 'treated_voc': None, 'efficiency_control': None, 'efficiency_tret': 90.0}, 'test_2': {'stability_type': 'ISOST', 'passivating_molecule': None, 'humidity': None, 'temperature': 85.0, 'time': 1000.0, 'control_pce': None, 'treated_pce': None, 'control_voc': None, 'treated_voc': None, 'efficiency_control': None, 'efficiency_tret': 90.0, 'efficiency_cont': 50.0}, 'test_3': {'stability_type': 'ISOSD', 'passivating_molecule': None, 'humidity': '25-45', 'temperature': None, 'time': 6000.0, 'control_pce': None, 'treated_pce': None, 'control_voc': None, 'treated_voc': None, 'efficiency_control': None, 'efficiency_tret': 90.0}}"
89_14,89,"{'perovskite_composition': 'BA2MA3PbI13', 'electron_transport_layer': None, 'hole_transport_layer': None, 'structure_pin_nip': 'NIP', 'test_1': {'stability_type': None, 'passivating_molecule': 'FAPbI3', 'humidity': None, 'temperature': None, 'time': None, 'control_pce': None, 'treated_pce': 20.8, 'control_voc': None, 'treated_voc': 1.14, 'efficiency_control': None, 'efficiency_tret': None}}"
90_12,90,"{'perovskite_composition': '(FAPbI 3 ) 0.85 (MAPbBr 3 ) 0.15', 'electron_transport_layer': None, 'hole_transport_layer': 'Spiro-OMeTAD', 'structure_pin_nip': 'NIP', 'test_1': {'stability_type': None, 'passivating_molecule': 'MA +', 'humidity': None, 'temperature': None, 'time': None, 'control_pce': 18.7, 'treated_pce': 19.8, 'control_voc': None, 'treated_voc': 1.17, 'efficiency_control': None, 'efficiency_tret': None}}"
91_89,91,"{'perovskite_composition': None, 'electron_transport_layer': None, 'hole_transport_layer': None, 'structure_pin_nip': None, 'test_1': {'stability_type': 'ISOSL', 'passivating_molecule': 'FAPbI3', 'humidity': 25.0, 'temperature': 25.0, 'time': 1200.0, 'control_pce': None, 'treated_pce': 24.0, 'control_voc': None, 'treated_voc': 1.13, 'efficiency_control': None, 'efficiency_tret': 90.0}, 'test_2': {'stability_type': 'ISOST', 'passivating_molecule': None, 'humidity': None, 'temperature': 40.0, 'time': 300.0, 'control_pce': None, 'treated_pce': None, 'control_voc': None, 'treated_voc': None, 'efficiency_control': None, 'efficiency_tret': 90.0, 'efficiency_cont': 60.0}}"
92_65,92,"{'perovskite_composition': None, 'electron_transport_layer': '24', 'hole_transport_layer': None, 'structure_pin_nip': 'NIP', 'test_1': {'stability_type': 'ISOSL', 'passivating_molecule': None, 'humidity': 40.0, 'temperature': None, 'time': None, 'control_pce': 20.0, 'treated_pce': 21.3, 'control_voc': None, 'treated_voc': None, 'efficiency_control': None, 'efficiency_tret': 90.0, 'efficiency_cont': 50.0}, 'test_2': {'stability_type': 'ISOSD', 'passivating_molecule': None, 'humidity': 25.0, 'temperature': 25.0, 'time': 500.0, 'control_pce': 1.5, 'treated_pce': None, 'control_voc': None, 'treated_voc': None, 'efficiency_control': None, 'efficiency_tret': 100.0}, 'test_3': {'stability_type': 'ISOSLT', 'passivating_molecule': None, 'humidity': None, 'temperature': 25.0, 'time': 450.0, 'control_pce': None, 'treated_pce': None, 'control_voc': None, 'treated_voc': None, 'efficiency_control': None, 'efficiency_tret': 67.0}}"
93_33,93,"{'perovskite_composition': 'FA0.5MA0.5PbI3', 'electron_transport_layer': 'TinOxide', 'hole_transport_layer': 'Spiro-OMeTAD', 'structure_pin_nip': 'NIP', 'test_1': {'stability_type': None, 'passivating_molecule': None, 'humidity': None, 'temperature': None, 'time': None, 'control_pce': None, 'treated_pce': 21.2, 'control_voc': None, 'treated_voc': None, 'efficiency_control': None, 'efficiency_tret': None}}"
94_15,94,"{'perovskite_composition': None, 'electron_transport_layer': None, 'hole_transport_layer': 'polymeric poly(4-vinylpyridine)', 'structure_pin_nip': 'PIN', 'test_1': {'stability_type': 'ISOSL', 'passivating_molecule': None, 'humidity': '25-50', 'temperature': '25-40', 'time': 6000.0, 'control_pce': 19.1, 'treated_pce': 20.6, 'control_voc': None, 'treated_voc': None, 'efficiency_control': None, 'efficiency_tret': 80.0}, 'test_2': {'stability_type': 'ISOSLT', 'passivating_molecule': None, 'humidity': None, 'temperature': None, 'time': 700.0, 'control_pce': None, 'treated_pce': None, 'control_voc': None, 'treated_voc': None, 'efficiency_control': None, 'efficiency_tret': 90.0, 'efficiency_cont': 80.0}, 'test_3': {'stability_type': 'ISOST', 'passivating_molecule': None, 'humidity': None, 'temperature': 85.0, 'time': 300.0, 'control_pce': None, 'treated_pce': None, 'control_voc': None, 'treated_voc': None, 'efficiency_control': None, 'efficiency_tret': 80.0}}"
95_19,95,"{'perovskite_composition': '(FAPbI3)0.95(MAPbBr3)0.05', 'electron_transport_layer': 'TitaniumDioxide', 'hole_transport_layer': 'Spiro-OMeTAD', 'structure_pin_nip': None, 'test_1': {'stability_type': 'ISOSD', 'passivating_molecule': 'oleylammonium iodide', 'humidity': 85.0, 'temperature': 25.0, 'time': None, 'control_pce': 5.9, 'treated_pce': 23.3, 'control_voc': None, 'treated_voc': None, 'efficiency_control': None, 'efficiency_tret': 80.0}, 'test_2': {'stability_type': None, 'passivating_molecule': None, 'humidity': 85.0, 'temperature': 65.0, 'time': 100.0, 'control_pce': None, 'treated_pce': None, 'control_voc': None, 'treated_voc': None, 'efficiency_control': None, 'efficiency_tret': 90.0, 'efficiency_cont': 20.0}}"
96_18,96,"{'perovskite_composition': '(FAPbI3)0.85(MAPbBr3)0.15', 'electron_transport_layer': None, 'hole_transport_layer': 'Spiro-OMeTAD', 'structure_pin_nip': 'NIP', 'test_1': {'stability_type': None, 'passivating_molecule': None, 'humidity': None, 'temperature': None, 'time': None, 'control_pce': None, 'treated_pce': 22.1, 'control_voc': None, 'treated_voc': None, 'efficiency_control': None, 'efficiency_tret': None}}"
97_32,97,"{'perovskite_composition': 'Cs 0.05 (FA0.92MA0.08)0.95Pb(I0.92Br0.08)3', 'electron_transport_layer': None, 'hole_transport_layer': None, 'structure_pin_nip': 'PIN', 'test_1': {'stability_type': 'ISOSLT', 'passivating_molecule': 'oleylamine', 'humidity': None, 'temperature': None, 'time': 1000.0, 'control_pce': 19.2, 'treated_pce': 21.2, 'control_voc': None, 'treated_voc': None, 'efficiency_control': None, 'efficiency_tret': 100.0, 'efficiency_cont': 58.0}, 'test_2': {'stability_type': 'ISOST', 'passivating_molecule': None, 'humidity': None, 'temperature': 85.0, 'time': 1020.0, 'control_pce': None, 'treated_pce': None, 'control_voc': None, 'treated_voc': None, 'efficiency_control': None, 'efficiency_tret': 90.0}}"
98_36,98,"{'perovskite_composition': 'MAPbI 3', 'electron_transport_layer': None, 'hole_transport_layer': 'Spiro-OMeTAD', 'structure_pin_nip': 'NIP', 'test_1': {'stability_type': 'ISOSLT', 'passivating_molecule': None, 'humidity': 60.0, 'temperature': None, 'time': 4.0, 'control_pce': 17.2, 'treated_pce': 19.3, 'control_voc': None, 'treated_voc': None, 'efficiency_control': None, 'efficiency_tret': 95.0, 'efficiency_cont': 30.0}}"
99_16,99,"{'perovskite_composition': None, 'electron_transport_layer': 'TinOxide', 'hole_transport_layer': None, 'structure_pin_nip': 'NIP', 'test_1': {'stability_type': 'ISOSO', 'passivating_molecule': 'chlorine-rich mixed-halide perovskite interlayer', 'humidity': None, 'temperature': None, 'time': 500.0, 'control_pce': 18.0, 'treated_pce': 21.0, 'control_voc': None, 'treated_voc': None, 'efficiency_control': None, 'efficiency_tret': 94.0, 'efficiency_cont': 0.0}, 'test_2': {'stability_type': 'ISOSLT', 'passivating_molecule': None, 'humidity': None, 'temperature': None, 'time': 500.0, 'control_pce': None, 'treated_pce': None, 'control_voc': None, 'treated_voc': None, 'efficiency_control': None, 'efficiency_tret': 82.0}}"
100_39,100,"{'perovskite_composition': None, 'electron_transport_layer': 'Lanthanum oxide / Tin Oxide Bilayer', 'hole_transport_layer': None, 'structure_pin_nip': 'NIP', 'test_1': {'stability_type': 'ISOSL', 'passivating_molecule': None, 'humidity': None, 'temperature': None, 'time': 1920.0, 'control_pce': 21.1, 'treated_pce': 23.2, 'control_voc': None, 'treated_voc': None, 'efficiency_control': None, 'efficiency_tret': 97.5, 'efficiency_cont': 92.7}, 'test_2': {'stability_type': 'ISOSLT', 'passivating_molecule': None, 'humidity': None, 'temperature': None, 'time': 180.0, 'control_pce': None, 'treated_pce': None, 'control_voc': None, 'treated_voc': None, 'efficiency_control': None, 'efficiency_tret': 91.0, 'efficiency_cont': 83.0}, 'test_3': {'stability_type': None, 'passivating_molecule': None, 'humidity': 75.0, 'temperature': None, 'time': 120.0, 'control_pce': None, 'treated_pce': None, 'control_voc': None, 'treated_voc': None, 'efficiency_control': None, 'efficiency_tret': 80.0, 'efficiency_cont': 71.0}}"
101_50,101,"{'perovskite_composition': None, 'electron_transport_layer': None, 'hole_transport_layer': None, 'structure_pin_nip': 'NIP', 'test_1': {'stability_type': 'ISOSL', 'passivating_molecule': None, 'humidity': '20-30', 'temperature': None, 'time': 720.0, 'control_pce': 19.6, 'treated_pce': 16.7, 'control_voc': None, 'treated_voc': None, 'efficiency_control': None, 'efficiency_tret': 92.2}}"
102_30,102,"{'perovskite_composition': 'FAPbI 3', 'electron_transport_layer': None, 'hole_transport_layer': None, 'structure_pin_nip': 'NIP', 'test_1': {'stability_type': 'ISOSL', 'passivating_molecule': 'lead iodide', 'humidity': 20.0, 'temperature': None, 'time': 720.0, 'control_pce': None, 'treated_pce': 20.7, 'control_voc': None, 'treated_voc': 1.11, 'efficiency_control': None, 'efficiency_tret': 80.0}, 'test_2': {'stability_type': 'ISOSLT', 'passivating_molecule': None, 'humidity': 30.0, 'temperature': None, 'time': 1.6, 'control_pce': 17.2, 'treated_pce': 21.4, 'control_voc': None, 'treated_voc': None, 'efficiency_control': None, 'efficiency_tret': 92.0}}"
103_35,103,"{'perovskite_composition': '(FAPbI3)0.95(MAPbBr3)0.05', 'electron_transport_layer': None, 'hole_transport_layer': None, 'structure_pin_nip': None, 'test_1': {'stability_type': 'ISOSO', 'passivating_molecule': None, 'humidity': None, 'temperature': None, 'time': 600.0, 'control_pce': None, 'treated_pce': 23.7, 'control_voc': None, 'treated_voc': None, 'efficiency_control': None, 'efficiency_tret': 90.0}, 'test_2': {'stability_type': None, 'passivating_molecule': None, 'humidity': 85.0, 'temperature': 25.0, 'time': None, 'control_pce': None, 'treated_pce': None, 'control_voc': None, 'treated_voc': None, 'efficiency_control': None, 'efficiency_tret': 90.0, 'efficiency_cont': 4.0}, 'test_3': {'stability_type': 'ISOST', 'passivating_molecule': None, 'humidity': 25.0, 'temperature': 150.0, 'time': None, 'control_pce': None, 'treated_pce': None, 'control_voc': None, 'treated_voc': None, 'efficiency_control': None, 'efficiency_tret': 90.0, 'efficiency_cont': 20.0}}"
104_30,104,"{'perovskite_composition': 'MAPbBr 3', 'electron_transport_layer': 'tin dioxide', 'hole_transport_layer': None, 'structure_pin_nip': None, 'test_1': {'stability_type': 'ISOSLT', 'passivating_molecule': None, 'humidity': None, 'temperature': None, 'time': 3600.0, 'control_pce': None, 'treated_pce': 25.2, 'control_voc': None, 'treated_voc': None, 'efficiency_control': None, 'efficiency_tret': 100.0}, 'test_2': {'stability_type': 'ISOSLT', 'passivating_molecule': None, 'humidity': None, 'temperature': None, 'time': 500.0, 'control_pce': None, 'treated_pce': None, 'control_voc': None, 'treated_voc': None, 'efficiency_control': None, 'efficiency_tret': 80.0}}"
105_26,105,"{'perovskite_composition': None, 'electron_transport_layer': 'titanium oxynitride', 'hole_transport_layer': None, 'structure_pin_nip': 'NIP', 'test_1': {'stability_type': 'ISOSL', 'passivating_molecule': None, 'humidity': None, 'temperature': None, 'time': 250.0, 'control_pce': 20.2, 'treated_pce': 22.8, 'control_voc': None, 'treated_voc': None, 'efficiency_control': None, 'efficiency_tret': 98.7, 'efficiency_cont': 96.5}, 'test_2': {'stability_type': 'ISOSD', 'passivating_molecule': None, 'humidity': 85.0, 'temperature': 85.0, 'time': None, 'control_pce': None, 'treated_pce': None, 'control_voc': None, 'treated_voc': None, 'efficiency_control': None, 'efficiency_tret': None}}"
106_43,106,"{'perovskite_composition': None, 'electron_transport_layer': 'C60', 'hole_transport_layer': None, 'structure_pin_nip': 'PIN', 'test_1': {'stability_type': 'ISOSLT', 'passivating_molecule': None, 'humidity': None, 'temperature': 85.0, 'time': 1000.0, 'control_pce': 18.8, 'treated_pce': 22.0, 'control_voc': None, 'treated_voc': 1.2, 'efficiency_control': None, 'efficiency_tret': 92.0}, 'test_2': {'stability_type': 'ISOSL', 'passivating_molecule': None, 'humidity': 75.0, 'temperature': None, 'time': 1100.0, 'control_pce': None, 'treated_pce': None, 'control_voc': None, 'treated_voc': None, 'efficiency_control': None, 'efficiency_tret': 90.0, 'efficiency_cont': 50.0}}"
107_14,107,"{'perovskite_composition': 'FAPbI 3', 'electron_transport_layer': None, 'hole_transport_layer': None, 'structure_pin_nip': 'NIP', 'test_1': {'stability_type': None, 'passivating_molecule': None, 'humidity': '50-60', 'temperature': None, 'time': 1000.0, 'control_pce': 15.3, 'treated_pce': 21.2, 'control_voc': 1.05, 'treated_voc': 1.12, 'efficiency_control': None, 'efficiency_tret': 91.0}}"
108_27,108,"{'perovskite_composition': '(FAPbI3)0.97(MC)0.03', 'electron_transport_layer': None, 'hole_transport_layer': None, 'structure_pin_nip': 'NIP', 'test_1': {'stability_type': 'ISOST', 'passivating_molecule': None, 'humidity': '15-25', 'temperature': 85.0, 'time': 1300.0, 'control_pce': None, 'treated_pce': 24.4, 'control_voc': None, 'treated_voc': None, 'efficiency_control': None, 'efficiency_tret': 80.0}, 'test_1_2': {'stability_type': 'ISOST', 'passivating_molecule': None, 'humidity': '15-25', 'temperature': 150.0, 'time': 20.0, 'control_pce': None, 'treated_pce': None, 'control_voc': None, 'treated_voc': None, 'efficiency_control': None, 'efficiency_tret': 80.0, 'efficiency_cont': 60.0}, 'test_2': {'stability_type': 'ISOSLT', 'passivating_molecule': None, 'humidity': None, 'temperature': None, 'time': 400.0, 'control_pce': None, 'treated_pce': None, 'control_voc': None, 'treated_voc': None, 'efficiency_control': None, 'efficiency_tret': 90.0}}"
109_30,109,"{'perovskite_composition': None, 'electron_transport_layer': 'polyacrylic acid-stabilized tin(IV) oxide quantum dots', 'hole_transport_layer': 'Spiro-OMeTAD', 'structure_pin_nip': 'NIP', 'test_1': {'stability_type': 'ISOSL', 'passivating_molecule': None, 'humidity': 25.0, 'temperature': 25.0, 'time': 1000.0, 'control_pce': None, 'treated_pce': 25.7, 'control_voc': None, 'treated_voc': 1.17, 'efficiency_control': None, 'efficiency_tret': 80.0, 'efficiency_cont': 40.0}, 'test_2': {'stability_type': 'ISOSL', 'passivating_molecule': None, 'humidity': None, 'temperature': None, 'time': 700.0, 'control_pce': None, 'treated_pce': None, 'control_voc': None, 'treated_voc': None, 'efficiency_control': None, 'efficiency_tret': 45.0}}"
110_24,110,"{'perovskite_composition': 'FAPbI3', 'electron_transport_layer': None, 'hole_transport_layer': None, 'structure_pin_nip': None, 'test_1': {'stability_type': 'ISOSD', 'passivating_molecule': 'formate', 'humidity': 20.0, 'temperature': 25.0, 'time': 1000.0, 'control_pce': 23.9, 'treated_pce': 25.5, 'control_voc': 1.15, 'treated_voc': 1.18, 'efficiency_control': None, 'efficiency_tret': 90.0, 'efficiency_cont': 65.0}, 'test_2': {'stability_type': 'ISOSD', 'passivating_molecule': None, 'humidity': 20.0, 'temperature': 60.0, 'time': 1000.0, 'control_pce': None, 'treated_pce': None, 'control_voc': None, 'treated_voc': None, 'efficiency_control': None, 'efficiency_tret': 80.0, 'efficiency_cont': 40.0}, 'test_3': {'stability_type': 'ISOSLT', 'passivating_molecule': None, 'humidity': None, 'temperature': 35.0, 'time': 450.0, 'control_pce': None, 'treated_pce': None, 'control_voc': None, 'treated_voc': None, 'efficiency_control': None, 'efficiency_tret': 85.0, 'efficiency_cont': 70.0}}"
111_28,111,"{'perovskite_composition': 'FAPbI 3', 'electron_transport_layer': 'Titanium dioxide', 'hole_transport_layer': None, 'structure_pin_nip': None, 'test_1': {'stability_type': 'ISOSLT', 'passivating_molecule': None, 'humidity': None, 'temperature': None, 'time': 2000.0, 'control_pce': None, 'treated_pce': 19.6, 'control_voc': None, 'treated_voc': None, 'efficiency_control': None, 'efficiency_tret': 100.0, 'efficiency_cont': 60.0}}"
112_28,112,"{'perovskite_composition': 'MA0.7FA0.3PbI3', 'electron_transport_layer': 'C60', 'hole_transport_layer': 'PTAA', 'structure_pin_nip': 'PIN', 'test_1': {'stability_type': 'ISOSLT', 'passivating_molecule': None, 'humidity': '60+-10', 'temperature': 65.0, 'time': 1000.0, 'control_pce': 21.8, 'treated_pce': 23.0, 'control_voc': 1.14, 'treated_voc': 1.17, 'efficiency_control': None, 'efficiency_tret': 100.0, 'efficiency_cont': 60.0}}"
113_29,113,"{'perovskite_composition': 'Cl-contained FAPbI3', 'electron_transport_layer': 'Cl-bonded SnO 2', 'hole_transport_layer': None, 'structure_pin_nip': 'NIP', 'test_1': {'stability_type': 'ISOSL1', 'passivating_molecule': None, 'humidity': None, 'temperature': None, 'time': 500.0, 'control_pce': None, 'treated_pce': 25.5, 'control_voc': None, 'treated_voc': 1.18, 'efficiency_control': None, 'efficiency_tret': 90.0}}"
114_50,114,"{'perovskite_composition': 'Cs 0.05(FA0.95MA0.05)0.95Pb(I0.95Br0.05)3', 'electron_transport_layer': 'C60', 'hole_transport_layer': 'poly(triarylamine)', 'structure_pin_nip': 'PIN', 'test_1': {'stability_type': None, 'passivating_molecule': 'Piperazinium Diiodide', 'humidity': '55+-5', 'temperature': 25.0, 'time': None, 'control_pce': 20.7, 'treated_pce': 21.9, 'control_voc': 1.06, 'treated_voc': 1.13, 'efficiency_control': None, 'efficiency_tret': 93.0, 'efficiency_cont': 40.0}, 'test_2': {'stability_type': 'ISOSLT', 'passivating_molecule': 'piperazinium iodide', 'humidity': None, 'temperature': None, 'time': 200.0, 'control_pce': None, 'treated_pce': None, 'control_voc': None, 'treated_voc': None, 'efficiency_control': None, 'efficiency_tret': 90.0, 'efficiency_cont': 87.0}}"
115_59,115,"{'perovskite_composition': None, 'electron_transport_layer': None, 'hole_transport_layer': None, 'structure_pin_nip': None, 'test_2': {'stability_type': None, 'passivating_molecule': None, 'humidity': None, 'temperature': None, 'time': 2000.0, 'control_pce': None, 'treated_pce': 24.0, 'control_voc': None, 'treated_voc': None, 'efficiency_control': None, 'efficiency_tret': 95.0, 'efficiency_cont': 80.0}, 'test_1': {'stability_type': 'ISOSD2', 'passivating_molecule': None, 'humidity': None, 'temperature': 85.0, 'time': 2184.0, 'control_pce': None, 'treated_pce': None, 'control_voc': None, 'treated_voc': None, 'efficiency_control': None, 'efficiency_tret': 95.2, 'efficiency_cont': 75.8}}"
116_46,116,"{'perovskite_composition': 'FAPbI 3', 'electron_transport_layer': None, 'hole_transport_layer': 'Spiro[OMeTAD-3-fluorophenyl]', 'structure_pin_nip': 'NIP', 'test_1': {'stability_type': None, 'passivating_molecule': 'Titanium dioxide', 'humidity': 50.0, 'temperature': None, 'time': 500.0, 'control_pce': 23.2, 'treated_pce': 24.8, 'control_voc': 1.15, 'treated_voc': 1.18, 'efficiency_control': None, 'efficiency_tret': 87.0, 'efficiency_cont': 60.0}}"
117_76,117,"{'perovskite_composition': 'FAPbI 3', 'electron_transport_layer': 'Titanium dioxide', 'hole_transport_layer': 'ion-modulated radical doping Spiro-OMeTAD', 'structure_pin_nip': None, 'test_1': {'stability_type': None, 'passivating_molecule': None, 'humidity': '70+-5', 'temperature': None, 'time': 1200.0, 'control_pce': None, 'treated_pce': 25.0, 'control_voc': 1.15, 'treated_voc': 1.04, 'efficiency_control': None, 'efficiency_tret': 80.0}, 'test_2': {'stability_type': None, 'passivating_molecule': None, 'humidity': None, 'temperature': '70+-3', 'time': 800.0, 'control_pce': None, 'treated_pce': None, 'control_voc': None, 'treated_voc': None, 'efficiency_control': None, 'efficiency_tret': 80.0}, 'test_3': {'stability_type': None, 'passivating_molecule': None, 'humidity': None, 'temperature': None, 'time': 500.0, 'control_pce': None, 'treated_pce': None, 'control_voc': None, 'treated_voc': None, 'efficiency_control': None, 'efficiency_tret': 95.0, 'efficiency_cont': 85.0}}"
118_62,118,"{'perovskite_composition': 'FA0.8Cs0.2Pb(I0.7Br0.3)3', 'electron_transport_layer': None, 'hole_transport_layer': 'Spiro-OMeTAD', 'structure_pin_nip': None, 'test_1': {'stability_type': None, 'passivating_molecule': 'Butylammonium bromide', 'humidity': None, 'temperature': None, 'time': 516.0, 'control_pce': 16.1, 'treated_pce': 18.0, 'control_voc': 1.21, 'treated_voc': 1.26, 'efficiency_control': None, 'efficiency_tret': 91.0, 'efficiency_cont': 6.0}}"
119_69,119,"{'perovskite_composition': None, 'electron_transport_layer': None, 'hole_transport_layer': 'bis(trifluoromethane)sulfonimide lithium salt/4-tert-butylpyridine (LiTFSI/tBP)doped poly(triarylamine)', 'structure_pin_nip': 'NIP', 'test_1': {'stability_type': 'ISOSLT', 'passivating_molecule': None, 'humidity': None, 'temperature': 85.0, 'time': 1000.0, 'control_pce': 20.5, 'treated_pce': 24.0, 'control_voc': 1.09, 'treated_voc': 1.14, 'efficiency_control': None, 'efficiency_tret': 92.0}, 'test_2': {'stability_type': 'ISOST', 'passivating_molecule': None, 'humidity': None, 'temperature': 120.0, 'time': None, 'control_pce': None, 'treated_pce': None, 'control_voc': None, 'treated_voc': None, 'efficiency_control': None, 'efficiency_tret': 95.0, 'efficiency_cont': 55.0}, 'test_3': {'stability_type': 'ISOSLT', 'passivating_molecule': None, 'humidity': 50.0, 'temperature': None, 'time': 576.0, 'control_pce': None, 'treated_pce': None, 'control_voc': None, 'treated_voc': None, 'efficiency_control': None, 'efficiency_tret': 90.0, 'efficiency_cont': 40.0}}"
120_51,120,"{'perovskite_composition': '(FA0.98MA0.02)0.95Cs0.05Pb(I0.95Br0.02)3', 'electron_transport_layer': 'C60', 'hole_transport_layer': 'poly(triaryl amine)', 'structure_pin_nip': None, 'test_1': {'stability_type': 'ISOSLT', 'passivating_molecule': 'ferrocenyl-bis-thiophene-2-carboxylate', 'humidity': None, 'temperature': None, 'time': 1500.0, 'control_pce': 23.0, 'treated_pce': 25.0, 'control_voc': 1.13, 'treated_voc': 1.18, 'efficiency_control': None, 'efficiency_tret': 0.72}}"
121_24,121,"{'perovskite_composition': None, 'electron_transport_layer': None, 'hole_transport_layer': None, 'structure_pin_nip': None, 'test_1': {'stability_type': 'ISOSLT', 'passivating_molecule': None, 'humidity': None, 'temperature': None, 'time': 600.0, 'control_pce': None, 'treated_pce': 26.0, 'control_voc': None, 'treated_voc': 1.17, 'efficiency_control': None, 'efficiency_tret': 88.0}}"
122_29,122,"{'perovskite_composition': 'FAPbI 3', 'electron_transport_layer': 'tin dioxide', 'hole_transport_layer': 'Spiro-OMeTAD', 'structure_pin_nip': 'NIP', 'test_1': {'stability_type': 'ISOSD', 'passivating_molecule': None, 'humidity': None, 'temperature': None, 'time': 1000.0, 'control_pce': None, 'treated_pce': 25.6, 'control_voc': None, 'treated_voc': 1.18, 'efficiency_control': None, 'efficiency_tret': 96.0}, 'test_2': {'stability_type': 'ISOSD', 'passivating_molecule': None, 'humidity': None, 'temperature': 85.0, 'time': 500.0, 'control_pce': None, 'treated_pce': None, 'control_voc': None, 'treated_voc': None, 'efficiency_control': None, 'efficiency_tret': 80.0, 'efficiency_cont': 50.0}}"
123_24,123,"{'perovskite_composition': '(FAPbI3)0.95(MAPbBr3)0.05', 'electron_transport_layer': 'C60', 'hole_transport_layer': 'P3CT-N', 'structure_pin_nip': None, 'test_1': {'stability_type': None, 'passivating_molecule': None, 'humidity': None, 'temperature': 85.0, 'time': 2200.0, 'control_pce': 21.8, 'treated_pce': 24.3, 'control_voc': 1.09, 'treated_voc': 1.19, 'efficiency_control': None, 'efficiency_tret': 91.8, 'efficiency_cont': 73.2}, 'test_2': {'stability_type': 'ISOSLT', 'passivating_molecule': None, 'humidity': None, 'temperature': '55+-5', 'time': 1000.0, 'control_pce': None, 'treated_pce': None, 'control_voc': None, 'treated_voc': None, 'efficiency_control': None, 'efficiency_tret': 90.5, 'efficiency_cont': 77.6}}"
124_59,124,"{'perovskite_composition': 'Cs 0.05(FA0.98MA0.02)0.95Pb(I0.98Br0.02)3', 'electron_transport_layer': 'PC 61 BM', 'hole_transport_layer': 'MeO-2PACz', 'structure_pin_nip': 'PIN', 'test_1': {'stability_type': None, 'passivating_molecule': None, 'humidity': None, 'temperature': 25.0, 'time': None, 'control_pce': 22.3, 'treated_pce': 24.6, 'control_voc': None, 'treated_voc': 1.18, 'efficiency_control': None, 'efficiency_tret': 93.0, 'efficiency_cont': 84.0}, 'test_2': {'stability_type': None, 'passivating_molecule': None, 'humidity': None, 'temperature': 75.0, 'time': 1000.0, 'control_pce': None, 'treated_pce': None, 'control_voc': None, 'treated_voc': None, 'efficiency_control': None, 'efficiency_tret': 88.0, 'efficiency_cont': 56.0}, 'test_3_2': {'stability_type': 'ISOST', 'passivating_molecule': None, 'humidity': None, 'temperature': 60.0, 'time': None, 'control_pce': None, 'treated_pce': None, 'control_voc': None, 'treated_voc': None, 'efficiency_control': None, 'efficiency_tret': 88.7, 'efficiency_cont': 63.0}, 'test_3': {'stability_type': None, 'passivating_molecule': None, 'humidity': None, 'temperature': 80.0, 'time': None, 'control_pce': None, 'treated_pce': None, 'control_voc': None, 'treated_voc': None, 'efficiency_control': None, 'efficiency_tret': 98.9, 'efficiency_cont': 75.6}}"
125_59,125,"{'perovskite_composition': 'Cs0.1FA0.9PbI3', 'electron_transport_layer': 'tin dioxide', 'hole_transport_layer': 'Spiro-OMeTAD', 'structure_pin_nip': None, 'test_1': {'stability_type': 'ISOSD', 'passivating_molecule': None, 'humidity': None, 'temperature': '45+-5', 'time': 1750.0, 'control_pce': 20.9, 'treated_pce': 23.4, 'control_voc': None, 'treated_voc': None, 'efficiency_control': None, 'efficiency_tret': 80.0}, 'test_3': {'stability_type': 'ISOSLT', 'passivating_molecule': None, 'humidity': None, 'temperature': None, 'time': 960.0, 'control_pce': None, 'treated_pce': None, 'control_voc': None, 'treated_voc': None, 'efficiency_control': None, 'efficiency_tret': 80.0}, 'test_2_2': {'stability_type': 'ISOSLT', 'passivating_molecule': None, 'humidity': None, 'temperature': 85.0, 'time': 500.0, 'control_pce': None, 'treated_pce': None, 'control_voc': None, 'treated_voc': None, 'efficiency_control': None, 'efficiency_tret': 89.0}, 'test_2': {'stability_type': None, 'passivating_molecule': None, 'humidity': None, 'temperature': '65+-5', 'time': None, 'control_pce': None, 'treated_pce': None, 'control_voc': None, 'treated_voc': None, 'efficiency_control': None, 'efficiency_tret': 91.0}}"
126_45,126,"{'perovskite_composition': 'FAPbI 3', 'electron_transport_layer': 'tin dioxide', 'hole_transport_layer': 'Spiro-OMeTAD', 'structure_pin_nip': 'NIP', 'test_1': {'stability_type': 'ISOSLT', 'passivating_molecule': 'lead oxalate', 'humidity': None, 'temperature': None, 'time': 550.0, 'control_pce': 23.4, 'treated_pce': 25.3, 'control_voc': 1.16, 'treated_voc': 1.18, 'efficiency_control': None, 'efficiency_tret': 92.0, 'efficiency_cont': 60.0}}"
127_31,127,"{'perovskite_composition': None, 'electron_transport_layer': 'C60', 'hole_transport_layer': 'poly(triarylamine)', 'structure_pin_nip': 'PIN', 'test_1': {'stability_type': 'ISOSLT', 'passivating_molecule': 'zinc-based halogenometallate', 'humidity': None, 'temperature': None, 'time': 1009.0, 'control_pce': None, 'treated_pce': 24.1, 'control_voc': None, 'treated_voc': 1.19, 'efficiency_control': None, 'efficiency_tret': 94.5}}"
128_41,128,"{'perovskite_composition': 'Cs0.05FA0.95PbI3', 'electron_transport_layer': 'PCBM', 'hole_transport_layer': 'poly(triarylamine)', 'structure_pin_nip': 'PIN', 'test_1': {'stability_type': 'ISOST1', 'passivating_molecule': None, 'humidity': None, 'temperature': '55+-5', 'time': 1500.0, 'control_pce': 21.7, 'treated_pce': 25.1, 'control_voc': 1.12, 'treated_voc': 1.15, 'efficiency_control': None, 'efficiency_tret': 98.0, 'efficiency_cont': 78.0}, 'test_2': {'stability_type': 'ISOST1', 'passivating_molecule': None, 'humidity': 85.0, 'temperature': 85.0, 'time': 1200.0, 'control_pce': None, 'treated_pce': None, 'control_voc': None, 'treated_voc': None, 'efficiency_control': None, 'efficiency_tret': 92.0}}"
129_105,129,"{'perovskite_composition': None, 'electron_transport_layer': 'C60', 'hole_transport_layer': '(2,7-Dimethoxy-9H-carbazol-9-yl)methyl phosphonic acid', 'structure_pin_nip': 'PIN', 'test_1': {'stability_type': 'ISOSLT', 'passivating_molecule': None, 'humidity': None, 'temperature': '65+-5', 'time': 1200.0, 'control_pce': None, 'treated_pce': 24.8, 'control_voc': None, 'treated_voc': 1.19, 'efficiency_control': None, 'efficiency_tret': 98.0, 'efficiency_cont': 70.0}, 'test_2': {'stability_type': 'ISOSLT', 'passivating_molecule': None, 'humidity': None, 'temperature': None, 'time': 500.0, 'control_pce': None, 'treated_pce': None, 'control_voc': None, 'treated_voc': None, 'efficiency_control': None, 'efficiency_tret': 90.0, 'efficiency_cont': 30.0}}"
130_23,130,"{'perovskite_composition': None, 'electron_transport_layer': None, 'hole_transport_layer': None, 'structure_pin_nip': None, 'test_1': {'stability_type': 'ISOSL3', 'passivating_molecule': None, 'humidity': None, 'temperature': '30+-3', 'time': 1000.0, 'control_pce': 18.9, 'treated_pce': 20.4, 'control_voc': 1.13, 'treated_voc': 1.18, 'efficiency_control': None, 'efficiency_tret': 95.0, 'efficiency_cont': 70.0}, 'test_2': {'stability_type': 'ISOSD', 'passivating_molecule': None, 'humidity': '85+-5', 'temperature': '65+-3', 'time': 500.0, 'control_pce': None, 'treated_pce': None, 'control_voc': None, 'treated_voc': None, 'efficiency_control': None, 'efficiency_tret': 82.0, 'efficiency_cont': 63.0}}"
131_43,131,"{'perovskite_composition': None, 'electron_transport_layer': None, 'hole_transport_layer': None, 'structure_pin_nip': 'PIN', 'test_1': {'stability_type': 'ISOSLT', 'passivating_molecule': None, 'humidity': None, 'temperature': 85.0, 'time': 1000.0, 'control_pce': 23.0, 'treated_pce': 25.5, 'control_voc': 1.13, 'treated_voc': 1.19, 'efficiency_control': None, 'efficiency_tret': 98.0}}"
132_60,132,"{'perovskite_composition': 'Cs0.05(FAPbI3)0.85(MAPbBr3)0.15', 'electron_transport_layer': None, 'hole_transport_layer': 'DDT-treated spiro-OMeTAD', 'structure_pin_nip': None, 'test_1': {'stability_type': 'ISOSD', 'passivating_molecule': None, 'humidity': 50.0, 'temperature': None, 'time': 430.0, 'control_pce': 22.7, 'treated_pce': 23.1, 'control_voc': 1.17, 'treated_voc': 1.19, 'efficiency_control': None, 'efficiency_tret': 97.0, 'efficiency_cont': 68.0}, 'test_2': {'stability_type': 'ISOSLT', 'passivating_molecule': None, 'humidity': None, 'temperature': '50-85', 'time': None, 'control_pce': None, 'treated_pce': None, 'control_voc': None, 'treated_voc': None, 'efficiency_control': None, 'efficiency_tret': 95.0}, 'test_3': {'stability_type': 'ISOSLT', 'passivating_molecule': None, 'humidity': None, 'temperature': None, 'time': 2000.0, 'control_pce': None, 'treated_pce': None, 'control_voc': None, 'treated_voc': None, 'efficiency_control': None, 'efficiency_tret': 93.0, 'efficiency_cont': 10.0}}"
133_54,133,"{'perovskite_composition': 'Cs0.05FA0.9MA0.05Pb(I0.95Br0.05)3', 'electron_transport_layer': 'C60', 'hole_transport_layer': 'Me-4PACz', 'structure_pin_nip': 'PIN', 'test_1': {'stability_type': 'ISOSLT', 'passivating_molecule': 'sodium thioglycolate', 'humidity': None, 'temperature': None, 'time': 900.0, 'control_pce': 22.5, 'treated_pce': 24.2, 'control_voc': 1.14, 'treated_voc': 1.19, 'efficiency_control': None, 'efficiency_tret': 96.0}}"
134_28,134,"{'perovskite_composition': 'FA0.98MA0.02Pbl3', 'electron_transport_layer': None, 'hole_transport_layer': 'Spiro-OMeTAD', 'structure_pin_nip': 'NIP', 'test_1': {'stability_type': 'ISOSD', 'passivating_molecule': None, 'humidity': 85.0, 'temperature': 85.0, 'time': 300.0, 'control_pce': None, 'treated_pce': 25.0, 'control_voc': None, 'treated_voc': 1.17, 'efficiency_control': None, 'efficiency_tret': 85.0, 'efficiency_cont': 60.0}, 'test_2': {'stability_type': 'ISOSD', 'passivating_molecule': None, 'humidity': 20.0, 'temperature': '25+-5', 'time': 2000.0, 'control_pce': None, 'treated_pce': None, 'control_voc': None, 'treated_voc': None, 'efficiency_control': None, 'efficiency_tret': 97.0, 'efficiency_cont': 68.0}, 'test_1_2': {'stability_type': 'ISOSLT', 'passivating_molecule': None, 'humidity': None, 'temperature': '50+-5', 'time': 500.0, 'control_pce': None, 'treated_pce': None, 'control_voc': None, 'treated_voc': None, 'efficiency_control': None, 'efficiency_tret': 96.0, 'efficiency_cont': 65.0}, 'test_3': {'stability_type': 'ISOSD', 'passivating_molecule': None, 'humidity': 85.0, 'temperature': 85.0, 'time': 260.0, 'control_pce': None, 'treated_pce': None, 'control_voc': None, 'treated_voc': None, 'efficiency_control': None, 'efficiency_tret': 85.0}}"
135_41,135,"{'perovskite_composition': None, 'electron_transport_layer': 'C60', 'hole_transport_layer': '11-dimethoxy-7H-dibenzo[c,4-(3,g]carbazol-7-yl)butyl)phosphonic acid', 'structure_pin_nip': 'PIN', 'test_1': {'stability_type': 'ISOSLT', 'passivating_molecule': '4-trifluorophenylethylammonium iodide', 'humidity': None, 'temperature': 25.0, 'time': 1200.0, 'control_pce': None, 'treated_pce': 25.6, 'control_voc': None, 'treated_voc': 1.19, 'efficiency_control': None, 'efficiency_tret': 85.0}, 'test_2_2': {'stability_type': 'ISOSL2', 'passivating_molecule': None, 'humidity': None, 'temperature': 85.0, 'time': 1200.0, 'control_pce': None, 'treated_pce': None, 'control_voc': None, 'treated_voc': None, 'efficiency_control': None, 'efficiency_tret': 65.0}, 'test_1_2': {'stability_type': None, 'passivating_molecule': None, 'humidity': None, 'temperature': 85.0, 'time': 800.0, 'control_pce': None, 'treated_pce': None, 'control_voc': None, 'treated_voc': None, 'efficiency_control': None, 'efficiency_tret': 53.0}, 'test_2': {'stability_type': None, 'passivating_molecule': None, 'humidity': None, 'temperature': 65.0, 'time': None, 'control_pce': None, 'treated_pce': None, 'control_voc': None, 'treated_voc': None, 'efficiency_control': None, 'efficiency_tret': 85.0}, 'test_3': {'stability_type': None, 'passivating_molecule': None, 'humidity': None, 'temperature': 65.0, 'time': None, 'control_pce': None, 'treated_pce': None, 'control_voc': None, 'treated_voc': None, 'efficiency_control': None, 'efficiency_tret': 90.0}, 'test_3_2': {'stability_type': None, 'passivating_molecule': None, 'humidity': None, 'temperature': 85.0, 'time': 1200.0, 'control_pce': None, 'treated_pce': None, 'control_voc': None, 'treated_voc': None, 'efficiency_control': None, 'efficiency_tret': 74.0}}"
136_73,136,"{'perovskite_composition': 'Cs0.05(FA0.95MA0.05)0.95Pb(I0.95Br0.05)3', 'electron_transport_layer': 'C60', 'hole_transport_layer': '[2-(9H-carbazol-9yl)ethyl]phosphonic acid', 'structure_pin_nip': None, 'test_1': {'stability_type': 'ISOSL1', 'passivating_molecule': None, 'humidity': '30-40', 'temperature': 45.0, 'time': 2000.0, 'control_pce': None, 'treated_pce': 23.4, 'control_voc': None, 'treated_voc': 1.17, 'efficiency_control': None, 'efficiency_tret': 90.0}, 'test_2': {'stability_type': 'ISOSD', 'passivating_molecule': None, 'humidity': 85.0, 'temperature': 85.0, 'time': 500.0, 'control_pce': None, 'treated_pce': None, 'control_voc': None, 'treated_voc': None, 'efficiency_control': None, 'efficiency_tret': 95.0}}"
137_48,137,"{'perovskite_composition': None, 'electron_transport_layer': 'C60', 'hole_transport_layer': None, 'structure_pin_nip': 'PIN', 'test_1': {'stability_type': 'ISOSD2', 'passivating_molecule': '3-diammonium iodide,propane-1', 'humidity': None, 'temperature': 85.0, 'time': 1600.0, 'control_pce': None, 'treated_pce': 26.4, 'control_voc': None, 'treated_voc': 1.17, 'efficiency_control': None, 'efficiency_tret': 95.0, 'efficiency_cont': 84.0}, 'test_2': {'stability_type': 'ISOSL3', 'passivating_molecule': None, 'humidity': 50.0, 'temperature': 65.0, 'time': 2000.0, 'control_pce': None, 'treated_pce': None, 'control_voc': None, 'treated_voc': None, 'efficiency_control': None, 'efficiency_tret': 96.0, 'efficiency_cont': 70.0}}"
138_31,138,"{'perovskite_composition': 'Cs0.05MA0.10FA0.85PbI3', 'electron_transport_layer': None, 'hole_transport_layer': None, 'structure_pin_nip': 'NIP', 'test_1': {'stability_type': 'ISOSL3', 'passivating_molecule': None, 'humidity': 50.0, 'temperature': 65.0, 'time': 1000.0, 'control_pce': None, 'treated_pce': 25.3, 'control_voc': None, 'treated_voc': None, 'efficiency_control': None, 'efficiency_tret': 95.0}}"
139_45,139,"{'perovskite_composition': 'FA0.95Cs0.05PbI3', 'electron_transport_layer': 'C60', 'hole_transport_layer': 'poly(triaryl)amine', 'structure_pin_nip': 'PIN', 'test_1': {'stability_type': 'ISOSL1', 'passivating_molecule': None, 'humidity': None, 'temperature': None, 'time': 2500.0, 'control_pce': 25.4, 'treated_pce': 23.5, 'control_voc': 1.14, 'treated_voc': 1.16, 'efficiency_control': None, 'efficiency_tret': 92.0, 'efficiency_cont': 80.0}, 'test_2': {'stability_type': 'ISOSD3', 'passivating_molecule': None, 'humidity': 85.0, 'temperature': 85.0, 'time': 300.0, 'control_pce': 19.2, 'treated_pce': 21.8, 'control_voc': None, 'treated_voc': None, 'efficiency_control': None, 'efficiency_tret': 90.0, 'efficiency_cont': 80.0}}"
140_33,140,"{'perovskite_composition': 'FAPbI 3', 'electron_transport_layer': None, 'hole_transport_layer': None, 'structure_pin_nip': None, 'test_1': {'stability_type': None, 'passivating_molecule': None, 'humidity': None, 'temperature': '50+-5', 'time': 1258.0, 'control_pce': None, 'treated_pce': 25.8, 'control_voc': None, 'treated_voc': None, 'efficiency_control': None, 'efficiency_tret': 94.0}}"
141_24,141,"{'perovskite_composition': None, 'electron_transport_layer': 'boron chloride subphthalocyanine', 'hole_transport_layer': None, 'structure_pin_nip': 'PIN', 'test_1': {'stability_type': 'ISOSD', 'passivating_molecule': None, 'humidity': 85.0, 'temperature': 85.0, 'time': 816.0, 'control_pce': None, 'treated_pce': 21.3, 'control_voc': None, 'treated_voc': None, 'efficiency_control': None, 'efficiency_tret': 80.0, 'efficiency_cont': 80.0}, 'test_2': {'stability_type': 'ISOSO1', 'passivating_molecule': None, 'humidity': None, 'temperature': None, 'time': 1272.0, 'control_pce': None, 'treated_pce': None, 'control_voc': None, 'treated_voc': None, 'efficiency_control': None, 'efficiency_tret': 95.0}}"
142_25,142,"{'perovskite_composition': None, 'electron_transport_layer': None, 'hole_transport_layer': None, 'structure_pin_nip': None, 'test_2': {'stability_type': None, 'passivating_molecule': None, 'humidity': None, 'temperature': 85.0, 'time': None, 'control_pce': None, 'treated_pce': 16.1, 'control_voc': None, 'treated_voc': None, 'efficiency_control': None, 'efficiency_tret': 74.0}, 'test_1': {'stability_type': None, 'passivating_molecule': None, 'humidity': 65.0, 'temperature': None, 'time': 1200.0, 'control_pce': None, 'treated_pce': None, 'control_voc': None, 'treated_voc': None, 'efficiency_control': None, 'efficiency_tret': 71.0}}"
143_24,143,"{'perovskite_composition': '(FAPbI3)0.77(MAPbBr3)0.14(CsPbI3)0.09', 'electron_transport_layer': None, 'hole_transport_layer': 'Spiro-OMeTAD', 'structure_pin_nip': None, 'test_1': {'stability_type': None, 'passivating_molecule': 'fluorophenylethylammonium iodide', 'humidity': None, 'temperature': None, 'time': None, 'control_pce': 17.6, 'treated_pce': 18.0, 'control_voc': 1.09, 'treated_voc': 1.08, 'efficiency_control': None, 'efficiency_tret': None}}"
#:144_62,144,"{'perovskite_composition': None, 'electron_transport_layer': 'C60', 'hole_transport_layer': 'Poly(3,4-ethylenedioxythiophene):Poly(styrene sulfonate)', 'structure_pin_nip': 'PIN', 'test_1': {'stability_type': 'ISOSLT', 'passivating_molecule': 'ethylenediammonium diiodide', 'humidity': None, 'temperature': None, 'time': 200.0, 'control_pce': 19.6, 'treated_pce': 23.6, 'control_voc': 0.79, 'treated_voc': 0.89, 'efficiency_control': None, 'efficiency_tret': 80.0, 'efficiency_cont': 60.0}, 'test_2': {'stability_type': None, 'passivating_molecule': 'ethylenediammonium diiodide', 'humidity': None, 'temperature': None, 'time': 180.0, 'control_pce': None, 'treated_pce': None, 'control_voc': None, 'treated_voc': None, 'efficiency_control': None, 'efficiency_tret': 65.0}}"
145_31,145,"{'perovskite_composition': 'Cs0.05(MA0.17FA0.83)0.95Pb(I0.83Br0.17)3', 'electron_transport_layer': None, 'hole_transport_layer': 'Spiro-OMeTAD', 'structure_pin_nip': None, 'test_1': {'stability_type': 'ISOSLT', 'passivating_molecule': '4-fluoroaniline', 'humidity': None, 'temperature': None, 'time': 95.0, 'control_pce': 17.8, 'treated_pce': 20.4, 'control_voc': 1.02, 'treated_voc': 1.13, 'efficiency_control': None, 'efficiency_tret': 75.0, 'efficiency_cont': 50.0}}"
146_36,146,"{'perovskite_composition': 'Cs0.05(MA0.05FA0.95)0.95Pb(I0.95Br0.05)3', 'electron_transport_layer': None, 'hole_transport_layer': None, 'structure_pin_nip': None, 'test_1': {'stability_type': None, 'passivating_molecule': 'ortho-carborane', 'humidity': 30.0, 'temperature': 40.0, 'time': 400.0, 'control_pce': None, 'treated_pce': 23.0, 'control_voc': None, 'treated_voc': 1.17, 'efficiency_control': None, 'efficiency_tret': 97.0, 'efficiency_cont': 89.0}}"
147_41,147,"{'perovskite_composition': 'FAPbI 3', 'electron_transport_layer': None, 'hole_transport_layer': 'Spiro-OMeTAD', 'structure_pin_nip': 'NIP', 'test_1': {'stability_type': 'ISOSD', 'passivating_molecule': 'carbazole-triphenylamine and phenylammonium iodide units', 'humidity': 85.0, 'temperature': 85.0, 'time': 1000.0, 'control_pce': 22.3, 'treated_pce': None, 'control_voc': None, 'treated_voc': 1.11, 'efficiency_control': None, 'efficiency_tret': 92.3}, 'test_2': {'stability_type': 'ISOSLT', 'passivating_molecule': 'carbazole-triphenylamine and phenylammonium iodide units', 'humidity': None, 'temperature': None, 'time': 1100.0, 'control_pce': None, 'treated_pce': 24.7, 'control_voc': None, 'treated_voc': None, 'efficiency_control': None, 'efficiency_tret': 94.6, 'efficiency_cont': 66.6}}"
148_26,148,"{'perovskite_composition': 'Cs0.05FA0.85MA0.10Pb(I0.97Br0.03)3', 'electron_transport_layer': None, 'hole_transport_layer': 'Spiro-OMeTAD', 'structure_pin_nip': 'NIP', 'test_1_2': {'stability_type': 'ISOSLT', 'passivating_molecule': 'phenylethylammonium iodide', 'humidity': '50-70', 'temperature': None, 'time': 500.0, 'control_pce': None, 'treated_pce': None, 'control_voc': None, 'treated_voc': None, 'efficiency_control': None, 'efficiency_tret': 84.0, 'efficiency_cont': 70.0}, 'test_1': {'stability_type': None, 'passivating_molecule': '4-tert-butyl-benzylammonium iodide', 'humidity': None, 'temperature': None, 'time': None, 'control_pce': 21.2, 'treated_pce': 22.7, 'control_voc': 1.09, 'treated_voc': 1.12, 'efficiency_control': None, 'efficiency_tret': 95.0}}"
149_28,149,"{'perovskite_composition': 'FA0.7MA0.3Pb0.5Sn0.5I3', 'electron_transport_layer': 'C60', 'hole_transport_layer': None, 'structure_pin_nip': None, 'test_1': {'stability_type': 'ISOSLT', 'passivating_molecule': '4-trifluoromethyl-phenylammonium', 'humidity': '30-50', 'temperature': 35.0, 'time': 600.0, 'control_pce': None, 'treated_pce': 26.4, 'control_voc': None, 'treated_voc': None, 'efficiency_control': None, 'efficiency_tret': 90.0}}"
