first_num,output
0,"{'perovskite_composition': 'Cs 0.05 FA 0.85 MA 0.1 PbI 3', 'electron_transport_layer': 'C60', 'hole_transport_layer': '2PACz and Me-4PACz', 'structure_pin_nip': 'PIN', 'test_1': {'stability_type': 'ISOSL', 'passivating_molecule': '4-chlorobenzenesulfonate (4Cl-BZS)', 'humidity': None, 'temperature': 65.0, 'time': 1200.0, 'control_pce': 24.0, 'treated_pce': 26.9, 'control_voc': None, 'treated_voc': 1.18, 'efficiency_control': None, 'efficiency_tret': 95.0}}"
1,"{'perovskite_composition': None, 'electron_transport_layer': 'TinOxide', 'hole_transport_layer': 'poly[bis(4-phenyl) (2,4,6-trimethylphenyl)amine] (PTAA)', 'structure_pin_nip': 'PIN', 'test_1': {'stability_type': 'ISOST', 'passivating_molecule': 'phenethylammonium', 'humidity': None, 'temperature': 85.0, 'time': 500.0, 'control_pce': None, 'treated_pce': 19.1, 'control_voc': None, 'treated_voc': 1.16, 'efficiency_control': None, 'efficiency_tret': None}}"
2,"{'perovskite_composition': 'dibutylammonium lead iodide', 'electron_transport_layer': 'tin dioxide', 'hole_transport_layer': 'Spiro-OMeTAD', 'structure_pin_nip': 'NIP', 'test_1': {'stability_type': 'ISOSL', 'passivating_molecule': 'butylamine', 'humidity': 85.0, 'temperature': 25.0, 'time': 1620.0, 'control_pce': None, 'treated_pce': 24.3, 'control_voc': None, 'treated_voc': 1.18, 'efficiency_control': None, 'efficiency_tret': 0.98, 'efficiency_cont': 0.58}, 'test_1_2': {'stability_type': 'ISOSD', 'passivating_molecule': None, 'humidity': 85.0, 'temperature': 85.0, 'time': 1056.0, 'control_pce': None, 'treated_pce': 21.3, 'control_voc': None, 'treated_voc': None, 'efficiency_control': None, 'efficiency_tret': 0.94}, 'test_2': {'stability_type': 'ISOSLT', 'passivating_molecule': None, 'humidity': None, 'temperature': 25.0, 'time': 1620.0, 'control_pce': None, 'treated_pce': 24.0, 'control_voc': None, 'treated_voc': None, 'efficiency_control': None, 'efficiency_tret': 0.98}}"
3,"{'perovskite_composition': 'Cs0.05(MA0.10FA0.85)Pb(I0.90Br0.10)3', 'electron_transport_layer': 'tin dioxide', 'hole_transport_layer': 'Spiro-OMeTAD', 'structure_pin_nip': 'NIP', 'test_1': {'stability_type': 'ISOSL1', 'passivating_molecule': None, 'humidity': None, 'temperature': None, 'time': 2000.0, 'control_pce': None, 'treated_pce': 24.5, 'control_voc': None, 'treated_voc': 1.2, 'efficiency_control': None, 'efficiency_tret': 0.99, 'efficiency_cont': 0.25}}"
4,"{'perovskite_composition': '(MAPbBr3)0.05(FAPbI3)0.95', 'electron_transport_layer': 'tin dioxide', 'hole_transport_layer': 'Spiro-OMeTAD', 'structure_pin_nip': 'NIP'}"
5,"{'perovskite_composition': 'butylammonium lead iodide', 'electron_transport_layer': 'buckminsterfullerene', 'hole_transport_layer': 'Spiro-OMeTAD', 'structure_pin_nip': 'NIP', 'test_1': {'stability_type': None, 'passivating_molecule': 'iso-butylamine iodide', 'humidity': None, 'temperature': None, 'time': None, 'control_pce': None, 'treated_pce': 22.1, 'control_voc': None, 'treated_voc': 1.13, 'efficiency_control': None, 'efficiency_tret': None}}"
6,"{'perovskite_composition': 'Methylammonium Lead Iodide', 'electron_transport_layer': 'Titanium dioxide', 'hole_transport_layer': 'Spiro-OMeTAD', 'structure_pin_nip': None, 'test_1': {'stability_type': 'ISOSD', 'passivating_molecule': 'phenylethylammonium iodide', 'humidity': None, 'temperature': None, 'time': 1344.0, 'control_pce': None, 'treated_pce': 18.8, 'control_voc': None, 'treated_voc': 1.16, 'efficiency_control': None, 'efficiency_tret': 0.97}}"
7,"{'perovskite_composition': '4-chlorophenylethylammonium', 'electron_transport_layer': 'C 60', 'hole_transport_layer': None, 'structure_pin_nip': 'NIP', 'test_1': {'stability_type': None, 'passivating_molecule': '(EDBE)PbI 4', 'humidity': 65.0, 'temperature': None, 'time': 1000.0, 'control_pce': None, 'treated_pce': None, 'control_voc': None, 'treated_voc': None, 'efficiency_control': None, 'efficiency_tret': 0.9}, 'test_1_2': {'stability_type': None, 'passivating_molecule': '(EDBE)PbI 4', 'humidity': 65.0, 'temperature': None, 'time': 1000.0, 'control_pce': None, 'treated_pce': None, 'control_voc': None, 'treated_voc': None, 'efficiency_control': None, 'efficiency_tret': 0.9}}"
8,"{'perovskite_composition': None, 'electron_transport_layer': 'Tin Oxide', 'hole_transport_layer': 'Spiro-OMeTAD', 'structure_pin_nip': 'NIP', 'test_1': {'stability_type': 'ISOSLT', 'passivating_molecule': 'ethylammonium pyrene', 'humidity': None, 'temperature': 40.0, 'time': 2000.0, 'control_pce': 19.3, 'treated_pce': 22.4, 'control_voc': None, 'treated_voc': 1.17, 'efficiency_control': None, 'efficiency_tret': 0.85, 'efficiency_cont': 0.6}}"
9,"{'perovskite_composition': 'CH 3 NH 3 PbI 3', 'electron_transport_layer': 'PCBM', 'hole_transport_layer': None, 'structure_pin_nip': None, 'test_1': {'stability_type': None, 'passivating_molecule': 'EDBE', 'humidity': None, 'temperature': None, 'time': None, 'control_pce': 14.6, 'treated_pce': 17.6, 'control_voc': None, 'treated_voc': None, 'efficiency_control': None, 'efficiency_tret': None}}"
10,"{'perovskite_composition': '(FAPbI3)0.95(MAPbBr3)0.05', 'electron_transport_layer': 'TinOxide', 'hole_transport_layer': 'spiro-MeOTAD', 'structure_pin_nip': 'NIP', 'test_1': {'stability_type': None, 'passivating_molecule': 'intermediate negative Î”E vac', 'humidity': None, 'temperature': None, 'time': 800.0, 'control_pce': None, 'treated_pce': 24.4, 'control_voc': None, 'treated_voc': None, 'efficiency_control': None, 'efficiency_tret': 1.0}, 'test_1_2': {'stability_type': 'ISOSL', 'passivating_molecule': 'OABF4', 'humidity': None, 'temperature': 40.0, 'time': 500.0, 'control_pce': None, 'treated_pce': None, 'control_voc': None, 'treated_voc': None, 'efficiency_control': None, 'efficiency_tret': 0.91}}"
11,"{'perovskite_composition': None, 'electron_transport_layer': 'SnO2', 'hole_transport_layer': 'Spiro-OMeTAD', 'structure_pin_nip': 'NIP', 'test_1': {'stability_type': 'ISOSL', 'passivating_molecule': 'benzotriazole', 'humidity': None, 'temperature': None, 'time': 24.0, 'control_pce': 20.2, 'treated_pce': 21.8, 'control_voc': 1.11, 'treated_voc': 1.16, 'efficiency_control': None, 'efficiency_tret': 1.02, 'efficiency_cont': 0.98}}"
12,"{'perovskite_composition': 'Cs0.15FA0.85PbI2.19Br0.81', 'electron_transport_layer': None, 'hole_transport_layer': 'Spiro-OMeTAD', 'structure_pin_nip': 'NIP', 'test_1': {'stability_type': 'ISOSL', 'passivating_molecule': 'butylammonium bromide', 'humidity': None, 'temperature': None, 'time': 20.0, 'control_pce': None, 'treated_pce': 19.8, 'control_voc': 17.5, 'treated_voc': 1.31, 'efficiency_control': None, 'efficiency_tret': None}}"
13,"{'perovskite_composition': 'Cs 0.12 FA 0.8 MA 0.08 PbI 1.8 Br 1.', 'electron_transport_layer': 'PCBM', 'hole_transport_layer': None, 'structure_pin_nip': 'PIN', 'test_1': {'stability_type': None, 'passivating_molecule': '2-thiopheneethylammonium chloride', 'humidity': None, 'temperature': None, 'time': 195.0, 'control_pce': 80.0, 'treated_pce': 23.8, 'control_voc': None, 'treated_voc': 1.29, 'efficiency_control': None, 'efficiency_tret': None}, 'test_1_2': {'stability_type': 'ISOST', 'passivating_molecule': None, 'humidity': None, 'temperature': 60.0, 'time': 265.0, 'control_pce': None, 'treated_pce': 23.8, 'control_voc': None, 'treated_voc': 1.29, 'efficiency_control': None, 'efficiency_tret': 0.92, 'efficiency_cont': 0.82}}"
14,"{'perovskite_composition': 'Cs 0.05 (FA 5/6 MA 1/6 ) 0.95 Pb(I 0.85 Br 0.15 ) 3', 'electron_transport_layer': 'PCBM', 'hole_transport_layer': 'PTAA', 'structure_pin_nip': 'PIN', 'test_1': {'stability_type': 'ISOSL', 'passivating_molecule': 'chlorophenylethylammonium iodide', 'humidity': None, 'temperature': None, 'time': 33.0, 'control_pce': 21.5, 'treated_pce': 23.7, 'control_voc': 1.1, 'treated_voc': 1.18, 'efficiency_control': None, 'efficiency_tret': 1.0, 'efficiency_cont': 0.9}}"
15,"{'perovskite_composition': 'Cs 0.05 (FA 5/6 MA 1/6 ) 0.95 Pb(I 0.9 Br 0.1 ) 3', 'electron_transport_layer': 'PCBM', 'hole_transport_layer': 'PTAA', 'structure_pin_nip': 'PIN', 'test_1': {'stability_type': None, 'passivating_molecule': 'fluorophenylethylammonium iodide', 'humidity': None, 'temperature': None, 'time': None, 'control_pce': 21.7, 'treated_pce': 23.7, 'control_voc': 1.11, 'treated_voc': 1.17, 'efficiency_control': None, 'efficiency_tret': None}}"
16,"{'perovskite_composition': 'FAPbI3', 'electron_transport_layer': 'TinOxide', 'hole_transport_layer': 'Spiro-OMeTAD', 'structure_pin_nip': 'NiP', 'test_1': {'stability_type': None, 'passivating_molecule': 'CF3-phenethylammonium', 'humidity': None, 'temperature': None, 'time': None, 'control_pce': 18.8, 'treated_pce': 21.0, 'control_voc': 1.04, 'treated_voc': 1.11, 'efficiency_control': None, 'efficiency_tret': None}}"
17,"{'perovskite_composition': 'Cs 0.05 FA 0.81 MA 0.14 PbI 2.55 Br 0.45', 'electron_transport_layer': 'SnO 2', 'hole_transport_layer': 'PTAA', 'structure_pin_nip': 'NIP', 'test_1': {'stability_type': 'ISOSL', 'passivating_molecule': None, 'humidity': None, 'temperature': None, 'time': 48.0, 'control_pce': 20.0, 'treated_pce': 20.9, 'control_voc': 1.16, 'treated_voc': 1.19, 'efficiency_control': None, 'efficiency_tret': 0.86}}"
18,"{'perovskite_composition': None, 'electron_transport_layer': 'Tin Oxide', 'hole_transport_layer': 'Spiro-OMeTAD', 'structure_pin_nip': 'NIP', 'test_1': {'stability_type': None, 'passivating_molecule': '2-thiophenemethylammonium iodide', 'humidity': None, 'temperature': None, 'time': None, 'control_pce': None, 'treated_pce': None, 'control_voc': None, 'treated_voc': None, 'efficiency_control': None, 'efficiency_tret': None}}"
19,"{'perovskite_composition': 'Cs 0.05 MA 0.05 FA 0.9 Pb(I 0.95 Br 0.05 ) 3', 'electron_transport_layer': 'C60', 'hole_transport_layer': '2PACz', 'structure_pin_nip': None, 'test_1': {'stability_type': 'ISOSLT', 'passivating_molecule': '3,4,5-trifluoroanilinium', 'humidity': 50.0, 'temperature': 85.0, 'time': 1560.0, 'control_pce': 21.0, 'treated_pce': 24.0, 'control_voc': 1.26, 'treated_voc': 1.27, 'efficiency_control': None, 'efficiency_tret': None}, 'test_2': {'stability_type': 'ISOSL', 'passivating_molecule': None, 'humidity': 50.0, 'temperature': 85.0, 'time': 1586.0, 'control_pce': None, 'treated_pce': 21.5, 'control_voc': None, 'treated_voc': None, 'efficiency_control': None, 'efficiency_tret': 0.84}}"
20,"{'perovskite_composition': 'Methylammonium Lead Iodide', 'electron_transport_layer': None, 'hole_transport_layer': None, 'structure_pin_nip': None, 'test_1': {'stability_type': None, 'passivating_molecule': 'phenylethylammonium lead iodide', 'humidity': None, 'temperature': None, 'time': None, 'control_pce': None, 'treated_pce': None, 'control_voc': None, 'treated_voc': None, 'efficiency_control': None, 'efficiency_tret': None}}"
21,"{'perovskite_composition': '(FAPbI3)0.92(MAPbBr3)0.08', 'electron_transport_layer': 'Titanium dioxide', 'hole_transport_layer': 'Spiro-OMeTAD', 'structure_pin_nip': None, 'test_1': {'stability_type': None, 'passivating_molecule': None, 'humidity': None, 'temperature': None, 'time': None, 'control_pce': None, 'treated_pce': 22.6, 'control_voc': None, 'treated_voc': None, 'efficiency_control': None, 'efficiency_tret': None}}"
22,"{'perovskite_composition': 'Formamidinium lead triiodide', 'electron_transport_layer': None, 'hole_transport_layer': None, 'structure_pin_nip': 'NIP', 'test_1': {'stability_type': None, 'passivating_molecule': 'cyclohexylmethylammonium iodide dissolved in', 'humidity': None, 'temperature': None, 'time': None, 'control_pce': 21.4, 'treated_pce': 23.9, 'control_voc': 1.09, 'treated_voc': 1.14, 'efficiency_control': None, 'efficiency_tret': 0.95}, 'test_1_2': {'stability_type': 'ISOSL', 'passivating_molecule': None, 'humidity': 203.0, 'temperature': None, 'time': 2400.0, 'control_pce': None, 'treated_pce': None, 'control_voc': None, 'treated_voc': None, 'efficiency_control': None, 'efficiency_tret': 0.91, 'efficiency_cont': 0.85}, 'test_2': {'stability_type': 'ISOSLT', 'passivating_molecule': None, 'humidity': None, 'temperature': 25.0, 'time': 1050.0, 'control_pce': None, 'treated_pce': None, 'control_voc': None, 'treated_voc': None, 'efficiency_control': None, 'efficiency_tret': 0.95, 'efficiency_cont': 0.76}, 'test_3_2': {'stability_type': 'ISOSD2', 'passivating_molecule': None, 'humidity': 40.0, 'temperature': 50.0, 'time': 500.0, 'control_pce': None, 'treated_pce': None, 'control_voc': None, 'treated_voc': None, 'efficiency_control': None, 'efficiency_tret': None, 'efficiency_cont': 0.4}, 'test_3': {'stability_type': None, 'passivating_molecule': None, 'humidity': None, 'temperature': None, 'time': None, 'control_pce': None, 'treated_pce': None, 'control_voc': None, 'treated_voc': None, 'efficiency_control': None, 'efficiency_tret': 0.93}}"
23,"{'perovskite_composition': 'Cs0.05MA0.1FA0.85PbI3', 'electron_transport_layer': None, 'hole_transport_layer': None, 'structure_pin_nip': 'NIP', 'test_1': {'stability_type': 'ISOSL1', 'passivating_molecule': 'phenethylammonium iodide', 'humidity': 50.0, 'temperature': 25.0, 'time': 1000.0, 'control_pce': None, 'treated_pce': 23.9, 'control_voc': None, 'treated_voc': 1.15, 'efficiency_control': None, 'efficiency_tret': 1.0}, 'test_2': {'stability_type': 'ISOSL3', 'passivating_molecule': None, 'humidity': None, 'temperature': 65.0, 'time': 500.0, 'control_pce': None, 'treated_pce': None, 'control_voc': None, 'treated_voc': None, 'efficiency_control': None, 'efficiency_tret': 0.92}}"
24,"{'perovskite_composition': 'Cesium lead iodide', 'electron_transport_layer': 'Titanium dioxide', 'hole_transport_layer': 'copper(I) thiocyanate', 'structure_pin_nip': None, 'test_1': {'stability_type': 'ISOSD', 'passivating_molecule': None, 'humidity': None, 'temperature': 110.0, 'time': 2100.0, 'control_pce': 14.9, 'treated_pce': 17.4, 'control_voc': None, 'treated_voc': None, 'efficiency_control': None, 'efficiency_tret': 0.8}}"
25,"{'perovskite_composition': 'formamidinium lead iodide', 'electron_transport_layer': None, 'hole_transport_layer': None, 'structure_pin_nip': None}"
26,"{'perovskite_composition': 'Methylammonium Lead Iodide', 'electron_transport_layer': None, 'hole_transport_layer': None, 'structure_pin_nip': None}"
27,"{'perovskite_composition': None, 'electron_transport_layer': None, 'hole_transport_layer': None, 'structure_pin_nip': 'NIP', 'test_1': {'stability_type': 'ISOSLT', 'passivating_molecule': 'trifluoromethylphenylethylammonium', 'humidity': None, 'temperature': None, 'time': 2000.0, 'control_pce': None, 'treated_pce': 18.5, 'control_voc': None, 'treated_voc': 1.23, 'efficiency_control': None, 'efficiency_tret': 1.0}}"
28,"{'perovskite_composition': 'Cesium lead iodide', 'electron_transport_layer': None, 'hole_transport_layer': None, 'structure_pin_nip': None}"
29,"{'perovskite_composition': None, 'electron_transport_layer': None, 'hole_transport_layer': None, 'structure_pin_nip': None}"
30,"{'perovskite_composition': 'ammonia healed formamidinium cesium lead iodide', 'electron_transport_layer': 'tin dioxide', 'hole_transport_layer': 'Spiro-OMeTAD', 'structure_pin_nip': 'NIP', 'test_1': {'stability_type': 'ISOSLT', 'passivating_molecule': None, 'humidity': None, 'temperature': None, 'time': 500.0, 'control_pce': 10.9, 'treated_pce': 23.2, 'control_voc': None, 'treated_voc': 1.16, 'efficiency_control': None, 'efficiency_tret': 0.8}}"
31,"{'perovskite_composition': 'ISOSD3', 'electron_transport_layer': 'buckminsterfullerene', 'hole_transport_layer': 'MeO-2PACZ', 'structure_pin_nip': 'PIN', 'test_1': {'stability_type': 'ISOSLT', 'passivating_molecule': '3-(aminomethyl)pyridine', 'humidity': None, 'temperature': 55.0, 'time': 2428.0, 'control_pce': 23.3, 'treated_pce': 25.4, 'control_voc': None, 'treated_voc': 1.19, 'efficiency_control': None, 'efficiency_tret': 0.87, 'efficiency_cont': 0.76}, 'test_2': {'stability_type': 'ISOSL2', 'passivating_molecule': None, 'humidity': None, 'temperature': 65.0, 'time': 1315.0, 'control_pce': None, 'treated_pce': None, 'control_voc': None, 'treated_voc': None, 'efficiency_control': None, 'efficiency_tret': 0.9}, 'test_3': {'stability_type': None, 'passivating_molecule': None, 'humidity': 85.0, 'temperature': 85.0, 'time': 850.0, 'control_pce': None, 'treated_pce': None, 'control_voc': None, 'treated_voc': None, 'efficiency_control': None, 'efficiency_tret': 0.94}}"
32,"{'perovskite_composition': 'Methylammonium Lead Iodide', 'electron_transport_layer': None, 'hole_transport_layer': None, 'structure_pin_nip': None}"
33,"{'perovskite_composition': 'formamidinium lead iodide', 'electron_transport_layer': None, 'hole_transport_layer': None, 'structure_pin_nip': None}"
34,"{'perovskite_composition': None, 'electron_transport_layer': None, 'hole_transport_layer': None, 'structure_pin_nip': None}"
35,"{'perovskite_composition': '(CsPbI3)0.05[(FAPbI3)0.83(MAPbBr3)0.17]0.95', 'electron_transport_layer': None, 'hole_transport_layer': 'Spiro-OMeTAD', 'structure_pin_nip': None}"
36,"{'perovskite_composition': 'FA0.8MA0.2PbI 3', 'electron_transport_layer': 'buckminsterfullerene', 'hole_transport_layer': 'poly(triarylamine)', 'structure_pin_nip': 'PIN', 'test_1': {'stability_type': None, 'passivating_molecule': 'tri-octyl phosphine oxide', 'humidity': None, 'temperature': None, 'time': None, 'control_pce': None, 'treated_pce': 22.4, 'control_voc': 1.07, 'treated_voc': 1.09, 'efficiency_control': None, 'efficiency_tret': None}}"
37,"{'perovskite_composition': None, 'electron_transport_layer': None, 'hole_transport_layer': None, 'structure_pin_nip': None, 'test_1': {'stability_type': None, 'passivating_molecule': '1,3-propylene diammonium', 'humidity': None, 'temperature': None, 'time': 700.0, 'control_pce': None, 'treated_pce': 19.0, 'control_voc': None, 'treated_voc': 1.35, 'efficiency_control': None, 'efficiency_tret': 1.0}, 'test_2': {'stability_type': None, 'passivating_molecule': None, 'humidity': None, 'temperature': None, 'time': 500.0, 'control_pce': None, 'treated_pce': 26.3, 'control_voc': None, 'treated_voc': 2.19, 'efficiency_control': None, 'efficiency_tret': 0.86}}"
39,"{'perovskite_composition': '(FAPbI 3 ) 0.87(MAPbBr3)0.13]0.92(CsPbI3)0.08', 'electron_transport_layer': 'Titanium dioxide', 'hole_transport_layer': 'Spiro-OMeTAD', 'structure_pin_nip': None, 'test_1': {'stability_type': 'ISOSLT', 'passivating_molecule': '2-thiophenemethylammonium bromide', 'humidity': None, 'temperature': None, 'time': 1000.0, 'control_pce': 20.7, 'treated_pce': 20.8, 'control_voc': 1.09, 'treated_voc': 1.17, 'efficiency_control': None, 'efficiency_tret': 0.75, 'efficiency_cont': 0.65}}"
40,"{'perovskite_composition': None, 'electron_transport_layer': None, 'hole_transport_layer': 'PTAA', 'structure_pin_nip': None, 'test_1': {'stability_type': 'ISOSD', 'passivating_molecule': 'oleylammonium iodide', 'humidity': 85.0, 'temperature': 85.0, 'time': 1000.0, 'control_pce': None, 'treated_pce': 24.3, 'control_voc': None, 'treated_voc': None, 'efficiency_control': None, 'efficiency_tret': 0.95}}"
41,"{'perovskite_composition': None, 'electron_transport_layer': None, 'hole_transport_layer': 'Spiro-OMeTAD', 'structure_pin_nip': 'NIP', 'test_1': {'stability_type': None, 'passivating_molecule': 'SnO2', 'humidity': 405.0, 'temperature': 85.0, 'time': 1008.0, 'control_pce': 20.8, 'treated_pce': 23.9, 'control_voc': 1.13, 'treated_voc': 1.15, 'efficiency_control': None, 'efficiency_tret': 0.85, 'efficiency_cont': 0.58}, 'test_2': {'stability_type': 'ISOST', 'passivating_molecule': '22.38', 'humidity': None, 'temperature': 85.0, 'time': 1000.0, 'control_pce': 20.3, 'treated_pce': None, 'control_voc': None, 'treated_voc': None, 'efficiency_control': None, 'efficiency_tret': 0.75, 'efficiency_cont': 0.51}, 'test_3': {'stability_type': None, 'passivating_molecule': 'ISOSLT', 'humidity': None, 'temperature': None, 'time': 1100.0, 'control_pce': None, 'treated_pce': None, 'control_voc': None, 'treated_voc': None, 'efficiency_control': None, 'efficiency_tret': 0.9, 'efficiency_cont': 0.6}}"
42,"{'perovskite_composition': 'Cs 0.05 MA 0.1 FA 0.85 PbI 2.7 Br 0.3', 'electron_transport_layer': None, 'hole_transport_layer': None, 'structure_pin_nip': 'secondary perovskite growth', 'test_1': {'stability_type': 'ISOSL', 'passivating_molecule': 'azetidinium lead iodide', 'humidity': None, 'temperature': 52.0, 'time': 1000.0, 'control_pce': None, 'treated_pce': 22.4, 'control_voc': 1.07, 'treated_voc': 1.14, 'efficiency_control': None, 'efficiency_tret': 0.85, 'efficiency_cont': 0.47}}"
43,"{'perovskite_composition': 'formamidinium lead iodide', 'electron_transport_layer': None, 'hole_transport_layer': 'Spiro-OMeTAD', 'structure_pin_nip': None, 'test_1': {'stability_type': 'ISOSD', 'passivating_molecule': None, 'humidity': 80.0, 'temperature': None, 'time': 500.0, 'control_pce': 23.0, 'treated_pce': 24.5, 'control_voc': 1.12, 'treated_voc': 1.15, 'efficiency_control': None, 'efficiency_tret': 0.47, 'efficiency_cont': 0.09}}"
44,"{'perovskite_composition': None, 'electron_transport_layer': 'Tin Oxide', 'hole_transport_layer': None, 'structure_pin_nip': 'PIN', 'test_1': {'stability_type': None, 'passivating_molecule': None, 'humidity': None, 'temperature': None, 'time': None, 'control_pce': None, 'treated_pce': 21.1, 'control_voc': None, 'treated_voc': None, 'efficiency_control': None, 'efficiency_tret': None}}"
45,"{'perovskite_composition': None, 'electron_transport_layer': 'Silicon dioxide', 'hole_transport_layer': None, 'structure_pin_nip': None}"
46,"{'perovskite_composition': 'CsPbI 0.05 [(FAPbI 3 ) 0.89 (MAPbBr 3 ) 0.11 ] 0.95', 'electron_transport_layer': None, 'hole_transport_layer': None, 'structure_pin_nip': 'PIN', 'test_1': {'stability_type': 'ISOSLT', 'passivating_molecule': 'Lithium Fluoride', 'humidity': 25.0, 'temperature': 25.0, 'time': 100.0, 'control_pce': None, 'treated_pce': 19.6, 'control_voc': None, 'treated_voc': 1.16, 'efficiency_control': None, 'efficiency_tret': 0.6}}"
47,"{'perovskite_composition': 'MAPbI3', 'electron_transport_layer': None, 'hole_transport_layer': 'PTAA', 'structure_pin_nip': None, 'test_1': {'stability_type': 'ISOSLT', 'passivating_molecule': None, 'humidity': 60.0, 'temperature': 65.0, 'time': 1200.0, 'control_pce': 18.2, 'treated_pce': 24.2, 'control_voc': None, 'treated_voc': None, 'efficiency_control': None, 'efficiency_tret': 0.96}}"
48,"{'perovskite_composition': None, 'electron_transport_layer': None, 'hole_transport_layer': 'PTAA', 'structure_pin_nip': 'PIN', 'test_1': {'stability_type': None, 'passivating_molecule': 'PS Plastic Foam 1%', 'humidity': None, 'temperature': None, 'time': None, 'control_pce': 16.9, 'treated_pce': 20.3, 'control_voc': 1.07, 'treated_voc': 1.1, 'efficiency_control': None, 'efficiency_tret': None}}"
49,"{'perovskite_composition': None, 'electron_transport_layer': 'indium tin oxide', 'hole_transport_layer': 'spiro-OMeTAD/chlorobenzene', 'structure_pin_nip': None, 'test_1': {'stability_type': 'ISOSL', 'passivating_molecule': 'n-butylamine iodide', 'humidity': 65.0, 'temperature': None, 'time': 4680.0, 'control_pce': None, 'treated_pce': 16.2, 'control_voc': None, 'treated_voc': 1.31, 'efficiency_control': None, 'efficiency_tret': 0.93, 'efficiency_cont': 0.5}, 'test_2': {'stability_type': 'ISOST', 'passivating_molecule': None, 'humidity': None, 'temperature': 85.0, 'time': 558.0, 'control_pce': None, 'treated_pce': None, 'control_voc': None, 'treated_voc': None, 'efficiency_control': None, 'efficiency_tret': 0.95, 'efficiency_cont': 0.59}, 'test_3': {'stability_type': 'ISOSL', 'passivating_molecule': None, 'humidity': None, 'temperature': None, 'time': 1100.0, 'control_pce': None, 'treated_pce': None, 'control_voc': None, 'treated_voc': None, 'efficiency_control': None, 'efficiency_tret': 0.96, 'efficiency_cont': 0.7}}"
50,"{'perovskite_composition': None, 'electron_transport_layer': None, 'hole_transport_layer': 'Spiro-OMeTAD', 'structure_pin_nip': None, 'test_1': {'stability_type': None, 'passivating_molecule': 'butylammonium', 'humidity': None, 'temperature': None, 'time': 650.0, 'control_pce': None, 'treated_pce': 21.0, 'control_voc': None, 'treated_voc': None, 'efficiency_control': None, 'efficiency_tret': 0.9}}"
51,"{'perovskite_composition': 'Methylammonium Lead Iodide', 'electron_transport_layer': None, 'hole_transport_layer': None, 'structure_pin_nip': 'NIP'}"
52,"{'perovskite_composition': None, 'electron_transport_layer': None, 'hole_transport_layer': None, 'structure_pin_nip': None}"
53,"{'perovskite_composition': 'FA0.85MA0.1Cs0.05PbI2.9Br0.1', 'electron_transport_layer': 'TinOxide', 'hole_transport_layer': 'Spiro-OMeTAD', 'structure_pin_nip': 'NIP', 'test_1': {'stability_type': None, 'passivating_molecule': 'DMePDAI 2', 'humidity': 85.0, 'temperature': None, 'time': 740.0, 'control_pce': 20.9, 'treated_pce': 24.0, 'control_voc': None, 'treated_voc': None, 'efficiency_control': None, 'efficiency_tret': 0.53}, 'test_1_2': {'stability_type': 'ISOSL1', 'passivating_molecule': None, 'humidity': None, 'temperature': 40.0, 'time': 1000.0, 'control_pce': 22.0, 'treated_pce': 24.7, 'control_voc': None, 'treated_voc': None, 'efficiency_control': None, 'efficiency_tret': 0.9, 'efficiency_cont': 0.57}, 'test_2_2': {'stability_type': 'ISOSD', 'passivating_molecule': None, 'humidity': 85.0, 'temperature': None, 'time': 740.0, 'control_pce': None, 'treated_pce': None, 'control_voc': None, 'treated_voc': None, 'efficiency_control': None, 'efficiency_tret': 0.73, 'efficiency_cont': 0.27}, 'test_2': {'stability_type': None, 'passivating_molecule': None, 'humidity': None, 'temperature': None, 'time': None, 'control_pce': None, 'treated_pce': None, 'control_voc': None, 'treated_voc': None, 'efficiency_control': None, 'efficiency_tret': 0.35}, 'test_3_2': {'stability_type': 'ISOST', 'passivating_molecule': None, 'humidity': 5.0, 'temperature': 85.0, 'time': 1008.0, 'control_pce': None, 'treated_pce': None, 'control_voc': None, 'treated_voc': None, 'efficiency_control': None, 'efficiency_tret': 0.81, 'efficiency_cont': 0.29}}"
54,"{'perovskite_composition': 'Methylammonium Lead Bromide', 'electron_transport_layer': None, 'hole_transport_layer': None, 'structure_pin_nip': 'NIP', 'test_1': {'stability_type': None, 'passivating_molecule': None, 'humidity': None, 'temperature': None, 'time': None, 'control_pce': None, 'treated_pce': 3.2, 'control_voc': None, 'treated_voc': None, 'efficiency_control': None, 'efficiency_tret': None}}"
55,"{'perovskite_composition': 'methylammonium lead iodide', 'electron_transport_layer': None, 'hole_transport_layer': None, 'structure_pin_nip': None, 'test_1': {'stability_type': None, 'passivating_molecule': 'methylammonium', 'humidity': None, 'temperature': None, 'time': None, 'control_pce': None, 'treated_pce': None, 'control_voc': None, 'treated_voc': None, 'efficiency_control': None, 'efficiency_tret': None}}"
56,"{'perovskite_composition': 'FA0.83Cs0.17Pb0.5Sn0.5I3', 'electron_transport_layer': 'TitaniumDioxide', 'hole_transport_layer': 'Spiro-OMeTAD', 'structure_pin_nip': 'NIP'}"
57,"{'perovskite_composition': 'Cs 0.05 (FA0.83MA0.17)0.95Pb(I0.83Br0.17)3', 'electron_transport_layer': 'buckminsterfullerene', 'hole_transport_layer': 'poly(triarylamine)', 'structure_pin_nip': 'PIN', 'test_1': {'stability_type': 'ISOSLT', 'passivating_molecule': None, 'humidity': None, 'temperature': 27.0, 'time': 350.0, 'control_pce': None, 'treated_pce': 21.0, 'control_voc': None, 'treated_voc': 1.09, 'efficiency_control': None, 'efficiency_tret': 0.95}}"
58,"{'perovskite_composition': 'FA0.83Cs0.17Pb(I0.83Br0.17)3', 'electron_transport_layer': 'buckminsterfullerene', 'hole_transport_layer': 'Spiro-OMeTAD', 'structure_pin_nip': None, 'test_1': {'stability_type': None, 'passivating_molecule': None, 'humidity': None, 'temperature': None, 'time': None, 'control_pce': None, 'treated_pce': 18.5, 'control_voc': None, 'treated_voc': None, 'efficiency_control': None, 'efficiency_tret': None}}"
59,"{'perovskite_composition': 'MAPbI 3', 'electron_transport_layer': None, 'hole_transport_layer': None, 'structure_pin_nip': 'poly(triarylamine) (PTAA)/ indium tin oxide (ITO)/glass substrates', 'test_1': {'stability_type': None, 'passivating_molecule': 'NIP', 'humidity': None, 'temperature': None, 'time': None, 'control_pce': 17.5, 'treated_pce': 19.0, 'control_voc': 1.16, 'treated_voc': 1.25, 'efficiency_control': None, 'efficiency_tret': None}}"
60,"{'perovskite_composition': '(FAPbI3)0.95(MAPbBr3)0.05', 'electron_transport_layer': 'TinOxide', 'hole_transport_layer': 'Spiro-OMeTAD', 'structure_pin_nip': 'NIP', 'test_1': {'stability_type': None, 'passivating_molecule': 'NOTE:This is how to prepare the PSC,relevent...?', 'humidity': None, 'temperature': None, 'time': None, 'control_pce': None, 'treated_pce': 21.7, 'control_voc': None, 'treated_voc': None, 'efficiency_control': None, 'efficiency_tret': None}}"
61,"{'perovskite_composition': None, 'electron_transport_layer': None, 'hole_transport_layer': None, 'structure_pin_nip': 'NIP', 'test_1': {'stability_type': 'ISOST', 'passivating_molecule': 'methylammonium lead iodide', 'humidity': 30.0, 'temperature': 85.0, 'time': 125.0, 'control_pce': None, 'treated_pce': None, 'control_voc': None, 'treated_voc': None, 'efficiency_control': None, 'efficiency_tret': 0.6}, 'test_2': {'stability_type': None, 'passivating_molecule': None, 'humidity': 40.0, 'temperature': None, 'time': 600.0, 'control_pce': None, 'treated_pce': None, 'control_voc': None, 'treated_voc': None, 'efficiency_control': None, 'efficiency_tret': 0.92}}"
62,"{'perovskite_composition': 'CH 3 NH 3 PbI 3', 'electron_transport_layer': None, 'hole_transport_layer': None, 'structure_pin_nip': 'NIP', 'test_1': {'stability_type': 'ISOSL', 'passivating_molecule': 'methylammonium lead iodide', 'humidity': 55.0, 'temperature': 80.0, 'time': 720.0, 'control_pce': None, 'treated_pce': 17.3, 'control_voc': None, 'treated_voc': None, 'efficiency_control': None, 'efficiency_tret': 0.83, 'efficiency_cont': 0.44}, 'test_2': {'stability_type': 'ISOST', 'passivating_molecule': None, 'humidity': None, 'temperature': 80.0, 'time': 720.0, 'control_pce': None, 'treated_pce': None, 'control_voc': None, 'treated_voc': None, 'efficiency_control': None, 'efficiency_tret': 0.74, 'efficiency_cont': 0.27}}"
63,"{'perovskite_composition': 'CH3NH3PbI3', 'electron_transport_layer': None, 'hole_transport_layer': 'Spiro-OMeTAD', 'structure_pin_nip': None, 'test_1': {'stability_type': None, 'passivating_molecule': None, 'humidity': None, 'temperature': 100.0, 'time': None, 'control_pce': None, 'treated_pce': 11.6, 'control_voc': None, 'treated_voc': None, 'efficiency_control': None, 'efficiency_tret': None}}"
64,"{'perovskite_composition': None, 'electron_transport_layer': 'bathocuproine', 'hole_transport_layer': 'TaTm', 'structure_pin_nip': 'PIN', 'test_1': {'stability_type': None, 'passivating_molecule': None, 'humidity': None, 'temperature': None, 'time': None, 'control_pce': 18.6, 'treated_pce': 17.0, 'control_voc': None, 'treated_voc': None, 'efficiency_control': None, 'efficiency_tret': None}}"
65,"{'perovskite_composition': 'methylammonium lead iodide', 'electron_transport_layer': None, 'hole_transport_layer': 'Spiro-OMeTAD', 'structure_pin_nip': None, 'test_1': {'stability_type': None, 'passivating_molecule': None, 'humidity': None, 'temperature': None, 'time': None, 'control_pce': None, 'treated_pce': 4.73, 'control_voc': None, 'treated_voc': 1.18, 'efficiency_control': None, 'efficiency_tret': None}}"
66,"{'perovskite_composition': 'Cs0.15FA0.85PbI2.55Br0.45', 'electron_transport_layer': None, 'hole_transport_layer': None, 'structure_pin_nip': None, 'test_1': {'stability_type': 'ISOSD1', 'passivating_molecule': None, 'humidity': 30.0, 'temperature': 21.0, 'time': 1566.0, 'control_pce': None, 'treated_pce': None, 'control_voc': None, 'treated_voc': None, 'efficiency_control': None, 'efficiency_tret': 0.95, 'efficiency_cont': 0.93}, 'test_2': {'stability_type': 'ISOSD3', 'passivating_molecule': None, 'humidity': 85.0, 'temperature': 85.0, 'time': 48.0, 'control_pce': None, 'treated_pce': None, 'control_voc': None, 'treated_voc': None, 'efficiency_control': None, 'efficiency_tret': None, 'efficiency_cont': 0.32}, 'test_3': {'stability_type': 'ISOSO3', 'passivating_molecule': None, 'humidity': 601.0, 'temperature': None, 'time': 4380.0, 'control_pce': None, 'treated_pce': None, 'control_voc': None, 'treated_voc': None, 'efficiency_control': None, 'efficiency_tret': 0.99, 'efficiency_cont': 0.49}}"
67,"{'perovskite_composition': 'FA0.83Cs0.17PbI2.7Br0.3', 'electron_transport_layer': 'TinOxide', 'hole_transport_layer': 'polybisphenyl(trimethylphenyl)amine', 'structure_pin_nip': 'PIN', 'test_1': {'stability_type': 'ISOSLT', 'passivating_molecule': None, 'humidity': None, 'temperature': 250.0, 'time': None, 'control_pce': None, 'treated_pce': None, 'control_voc': None, 'treated_voc': None, 'efficiency_control': None, 'efficiency_tret': 0.96}, 'test_2': {'stability_type': None, 'passivating_molecule': None, 'humidity': None, 'temperature': None, 'time': 500.0, 'control_pce': None, 'treated_pce': 9.0, 'control_voc': None, 'treated_voc': None, 'efficiency_control': None, 'efficiency_tret': 0.8}, 'test_2_2': {'stability_type': 'ISOSL2', 'passivating_molecule': None, 'humidity': None, 'temperature': 85.0, 'time': 800.0, 'control_pce': None, 'treated_pce': 21.3, 'control_voc': None, 'treated_voc': None, 'efficiency_control': None, 'efficiency_tret': 0.95}, 'test_3': {'stability_type': 'ISOSD1', 'passivating_molecule': None, 'humidity': None, 'temperature': None, 'time': 500.0, 'control_pce': None, 'treated_pce': 7.0, 'control_voc': None, 'treated_voc': None, 'efficiency_control': None, 'efficiency_tret': 1.0}, 'test_3_2': {'stability_type': 'ISOSD1', 'passivating_molecule': None, 'humidity': None, 'temperature': None, 'time': 500.0, 'control_pce': None, 'treated_pce': 7.0, 'control_voc': None, 'treated_voc': None, 'efficiency_control': None, 'efficiency_tret': 1.0}, 'test_1_2': {'stability_type': 'ISOSLT', 'passivating_molecule': None, 'humidity': None, 'temperature': 250.0, 'time': None, 'control_pce': None, 'treated_pce': None, 'control_voc': None, 'treated_voc': None, 'efficiency_control': None, 'efficiency_tret': 0.96}}"
68,"{'perovskite_composition': 'CH3NH3PbI3', 'electron_transport_layer': 'TinOxide', 'hole_transport_layer': 'PEDOT:PSS', 'structure_pin_nip': 'NIP', 'test_1': {'stability_type': 'ISOSLT', 'passivating_molecule': 'methylammonium lead iodide', 'humidity': 50.0, 'temperature': 23.0, 'time': 4300.0, 'control_pce': None, 'treated_pce': 12.8, 'control_voc': None, 'treated_voc': None, 'efficiency_control': None, 'efficiency_tret': 1.0, 'efficiency_cont': 0.0}, 'test_2': {'stability_type': 'ISOSLT', 'passivating_molecule': None, 'humidity': None, 'temperature': 60.0, 'time': 1032.0, 'control_pce': None, 'treated_pce': None, 'control_voc': None, 'treated_voc': None, 'efficiency_control': None, 'efficiency_tret': 0.99, 'efficiency_cont': 0.0}}"
69,"{'perovskite_composition': 'CH3NH3PbI3', 'electron_transport_layer': 'TinOxide', 'hole_transport_layer': None, 'structure_pin_nip': 'PIN', 'test_1': {'stability_type': 'ISOSL', 'passivating_molecule': 'PCBM', 'humidity': 60.0, 'temperature': 25.0, 'time': 1000.0, 'control_pce': None, 'treated_pce': None, 'control_voc': None, 'treated_voc': None, 'efficiency_control': None, 'efficiency_tret': 0.9, 'efficiency_cont': 0.0}}"
70,"{'perovskite_composition': 'FA0.83MA0.17Pb-(I0.83Br0.17)3', 'electron_transport_layer': 'TinOxide', 'hole_transport_layer': 'Spiro-OMeTAD', 'structure_pin_nip': 'NIP', 'test_1': {'stability_type': 'ISOST', 'passivating_molecule': None, 'humidity': None, 'temperature': 75.0, 'time': None, 'control_pce': None, 'treated_pce': 19.4, 'control_voc': None, 'treated_voc': None, 'efficiency_control': None, 'efficiency_tret': None}, 'test_2': {'stability_type': 'ISOST', 'passivating_molecule': None, 'humidity': None, 'temperature': 20.0, 'time': 15.0, 'control_pce': None, 'treated_pce': 17.7, 'control_voc': None, 'treated_voc': None, 'efficiency_control': None, 'efficiency_tret': None}}"
71,"{'perovskite_composition': 'CH3NH3PbI3', 'electron_transport_layer': None, 'hole_transport_layer': None, 'structure_pin_nip': None, 'test_1': {'stability_type': None, 'passivating_molecule': 'butylammonium', 'humidity': None, 'temperature': None, 'time': None, 'control_pce': None, 'treated_pce': None, 'control_voc': None, 'treated_voc': None, 'efficiency_control': None, 'efficiency_tret': None}}"
72,"{'perovskite_composition': 'Cs0.05FA0.8MA0.15PbI2.88Br0.04Cl0.08', 'electron_transport_layer': 'ligand allylammonium', 'hole_transport_layer': None, 'structure_pin_nip': 'NIP', 'test_1': {'stability_type': 'ISOST', 'passivating_molecule': 'poly(methyl methacrylate)', 'humidity': None, 'temperature': None, 'time': 80.0, 'control_pce': 20.0, 'treated_pce': 19.9, 'control_voc': None, 'treated_voc': None, 'efficiency_control': None, 'efficiency_tret': 0.99, 'efficiency_cont': 0.5}}"
73,"{'perovskite_composition': 'FA0.98Cs0.02PbI3', 'electron_transport_layer': None, 'hole_transport_layer': None, 'structure_pin_nip': 'PIN', 'test_1': {'stability_type': 'ISOSD', 'passivating_molecule': 'CF3 -PEAI', 'humidity': 85.0, 'temperature': 85.0, 'time': 1000.0, 'control_pce': None, 'treated_pce': 25.1, 'control_voc': 1.02, 'treated_voc': 1.09, 'efficiency_control': None, 'efficiency_tret': 0.98}, 'test_1_2': {'stability_type': 'ISOSLT', 'passivating_molecule': None, 'humidity': 50.0, 'temperature': 50.0, 'time': 1800.0, 'control_pce': 21.4, 'treated_pce': 23.6, 'control_voc': None, 'treated_voc': None, 'efficiency_control': None, 'efficiency_tret': 0.82, 'efficiency_cont': 0.67}, 'test_2_2': {'stability_type': 'ISOSD', 'passivating_molecule': None, 'humidity': 85.0, 'temperature': 85.0, 'time': 1000.0, 'control_pce': None, 'treated_pce': None, 'control_voc': None, 'treated_voc': None, 'efficiency_control': None, 'efficiency_tret': 0.91}, 'test_2': {'stability_type': None, 'passivating_molecule': None, 'humidity': None, 'temperature': None, 'time': None, 'control_pce': None, 'treated_pce': 24.8, 'control_voc': None, 'treated_voc': None, 'efficiency_control': None, 'efficiency_tret': 0.98, 'efficiency_cont': 0.71}}"
74,"{'perovskite_composition': '(FAPbI3)0.95(MAPbBr3)0.05', 'electron_transport_layer': 'tin dioxide', 'hole_transport_layer': 'Spiro-OMeTAD', 'structure_pin_nip': 'NIP', 'test_1': {'stability_type': 'ISOSLT', 'passivating_molecule': '4-fluorophenylethylammonium iodide', 'humidity': None, 'temperature': 60.0, 'time': 560.0, 'control_pce': 18.8, 'treated_pce': 21.2, 'control_voc': None, 'treated_voc': 1.13, 'efficiency_control': None, 'efficiency_tret': 0.9}, 'test_1_2': {'stability_type': 'ISOSLT', 'passivating_molecule': None, 'humidity': None, 'temperature': 60.0, 'time': 5000.0, 'control_pce': None, 'treated_pce': None, 'control_voc': None, 'treated_voc': None, 'efficiency_control': None, 'efficiency_tret': 0.9}}"
75,"{'perovskite_composition': None, 'electron_transport_layer': None, 'hole_transport_layer': None, 'structure_pin_nip': None}"
76,"{'perovskite_composition': None, 'electron_transport_layer': None, 'hole_transport_layer': None, 'structure_pin_nip': None}"
77,"{'perovskite_composition': 'FA0.9Cs0.1Pb3', 'electron_transport_layer': None, 'hole_transport_layer': None, 'structure_pin_nip': 'PIN', 'test_1': {'stability_type': 'ISOSLT', 'passivating_molecule': '(phenethylamino)methaniminium iodide', 'humidity': None, 'temperature': 85.0, 'time': 1500.0, 'control_pce': 21.2, 'treated_pce': 24.1, 'control_voc': None, 'treated_voc': None, 'efficiency_control': None, 'efficiency_tret': 0.9}}"
78,"{'perovskite_composition': 'formamidinium lead iodide', 'electron_transport_layer': None, 'hole_transport_layer': None, 'structure_pin_nip': 'NIP', 'test_1': {'stability_type': None, 'passivating_molecule': None, 'humidity': None, 'temperature': None, 'time': None, 'control_pce': None, 'treated_pce': 19.2, 'control_voc': None, 'treated_voc': None, 'efficiency_control': None, 'efficiency_tret': None}}"
79,"{'perovskite_composition': '(FAPbI3)0.97(MAPbBr3)0.03', 'electron_transport_layer': 'TitaniumDioxide', 'hole_transport_layer': 'Spiro-OMeTAD', 'structure_pin_nip': 'NIP', 'test_1': {'stability_type': 'ISOSL', 'passivating_molecule': 'Methylammonium Lead Bromide', 'humidity': 37.0, 'temperature': 28.0, 'time': None, 'control_pce': 18.5, 'treated_pce': 20.5, 'control_voc': None, 'treated_voc': 1.09, 'efficiency_control': None, 'efficiency_tret': None}}"
80,"{'perovskite_composition': None, 'electron_transport_layer': 'TitaniumDioxide', 'hole_transport_layer': 'Spiro-OMeTAD', 'structure_pin_nip': 'NIP', 'test_1': {'stability_type': 'ISOSD', 'passivating_molecule': 'poly(methyl methacrylate)', 'humidity': None, 'temperature': None, 'time': None, 'control_pce': None, 'treated_pce': 21.6, 'control_voc': None, 'treated_voc': 1.14, 'efficiency_control': None, 'efficiency_tret': 96.7}}"
81,"{'perovskite_composition': 'CsMAFA', 'electron_transport_layer': 'TitaniumDioxide', 'hole_transport_layer': 'Spiro-OMeTAD', 'structure_pin_nip': None, 'test_1': {'stability_type': 'ISOSL', 'passivating_molecule': None, 'humidity': None, 'temperature': None, 'time': 500.0, 'control_pce': 15.8, 'treated_pce': 20.9, 'control_voc': 1.06, 'treated_voc': 1.14, 'efficiency_control': None, 'efficiency_tret': 0.9}, 'test_2': {'stability_type': 'ISOSD', 'passivating_molecule': None, 'humidity': None, 'temperature': None, 'time': 1440.0, 'control_pce': None, 'treated_pce': None, 'control_voc': None, 'treated_voc': None, 'efficiency_control': None, 'efficiency_tret': 0.95, 'efficiency_cont': 0.38}}"
82,"{'perovskite_composition': None, 'electron_transport_layer': None, 'hole_transport_layer': None, 'structure_pin_nip': 'PIN', 'test_1': {'stability_type': 'ISOSD', 'passivating_molecule': 'quanternary ammonium halides', 'humidity': 558.0, 'temperature': None, 'time': 800.0, 'control_pce': 17.1, 'treated_pce': 20.5, 'control_voc': 1.04, 'treated_voc': None, 'efficiency_control': None, 'efficiency_tret': 1.0, 'efficiency_cont': 0.7}, 'test_2': {'stability_type': 'ISOSL', 'passivating_molecule': None, 'humidity': None, 'temperature': None, 'time': 26.0, 'control_pce': None, 'treated_pce': 21.1, 'control_voc': None, 'treated_voc': None, 'efficiency_control': None, 'efficiency_tret': 0.86}}"
83,"{'perovskite_composition': None, 'electron_transport_layer': 'TitaniumDioxide', 'hole_transport_layer': 'Spiro-OMeTAD', 'structure_pin_nip': 'PIN', 'test_1': {'stability_type': 'ISOSD', 'passivating_molecule': None, 'humidity': 40.0, 'temperature': 25.0, 'time': 792.0, 'control_pce': 17.3, 'treated_pce': 20.2, 'control_voc': None, 'treated_voc': None, 'efficiency_control': None, 'efficiency_tret': 0.96, 'efficiency_cont': 0.94}}"
84,"{'perovskite_composition': '(FAPbI 3 ) 0.95 (MAPbBr 3 ) 0.05', 'electron_transport_layer': None, 'hole_transport_layer': 'Spiro-OMeTAD', 'structure_pin_nip': 'NIP', 'test_1': {'stability_type': 'ISOST', 'passivating_molecule': None, 'humidity': None, 'temperature': 60.0, 'time': None, 'control_pce': None, 'treated_pce': 23.2, 'control_voc': None, 'treated_voc': None, 'efficiency_control': None, 'efficiency_tret': None, 'efficiency_cont': 0.95}, 'test_2': {'stability_type': 'ISOSL', 'passivating_molecule': None, 'humidity': None, 'temperature': None, 'time': 310.0, 'control_pce': None, 'treated_pce': None, 'control_voc': None, 'treated_voc': None, 'efficiency_control': None, 'efficiency_tret': 0.92}}"
85,"{'perovskite_composition': 'HTAB 0.3 (FAPbI 3 ) 0.95 (MAPbBr 3 ) 0.05', 'electron_transport_layer': None, 'hole_transport_layer': 'Poly(3-hexylthiophene)', 'structure_pin_nip': 'NIP', 'test_1': {'stability_type': 'ISOSL', 'passivating_molecule': 'HTAB', 'humidity': 0.85, 'temperature': None, 'time': 1370.0, 'control_pce': None, 'treated_pce': 22.7, 'control_voc': None, 'treated_voc': None, 'efficiency_control': None, 'efficiency_tret': 0.95}}"
86,"{'perovskite_composition': None, 'electron_transport_layer': 'TinOxide', 'hole_transport_layer': 'Spiro-OMeTAD', 'structure_pin_nip': None, 'test_1': {'stability_type': 'ISOSD', 'passivating_molecule': None, 'humidity': None, 'temperature': None, 'time': 2880.0, 'control_pce': 18.9, 'treated_pce': 21.6, 'control_voc': 1.1, 'treated_voc': 1.11, 'efficiency_control': None, 'efficiency_tret': 0.92, 'efficiency_cont': 0.74}, 'test_2': {'stability_type': 'ISOSL', 'passivating_molecule': None, 'humidity': None, 'temperature': 120.0, 'time': None, 'control_pce': None, 'treated_pce': None, 'control_voc': None, 'treated_voc': None, 'efficiency_control': None, 'efficiency_tret': 0.86, 'efficiency_cont': 0.38}}"
87,"{'perovskite_composition': None, 'electron_transport_layer': None, 'hole_transport_layer': None, 'structure_pin_nip': 'NIP', 'test_1': {'stability_type': 'ISOSL', 'passivating_molecule': 'europium ion pair', 'humidity': None, 'temperature': None, 'time': 1000.0, 'control_pce': None, 'treated_pce': 21.5, 'control_voc': None, 'treated_voc': None, 'efficiency_control': None, 'efficiency_tret': 0.92}, 'test_2': {'stability_type': 'ISOST', 'passivating_molecule': None, 'humidity': None, 'temperature': 85.0, 'time': None, 'control_pce': None, 'treated_pce': None, 'control_voc': None, 'treated_voc': None, 'efficiency_control': None, 'efficiency_tret': 0.91}}"
88,"{'perovskite_composition': 'CaFAMA-F', 'electron_transport_layer': None, 'hole_transport_layer': None, 'structure_pin_nip': 'NIP', 'test_1': {'stability_type': 'ISOSL', 'passivating_molecule': 'formamidinium (FA)', 'humidity': None, 'temperature': 254.0, 'time': 100.0, 'control_pce': 48.8, 'treated_pce': 20.5, 'control_voc': None, 'treated_voc': None, 'efficiency_control': None, 'efficiency_tret': 0.9}, 'test_2': {'stability_type': 'ISOST', 'passivating_molecule': None, 'humidity': None, 'temperature': 85.0, 'time': 100.0, 'control_pce': None, 'treated_pce': None, 'control_voc': None, 'treated_voc': None, 'efficiency_control': None, 'efficiency_tret': 0.9, 'efficiency_cont': 0.5}, 'test_3': {'stability_type': 'ISOSD', 'passivating_molecule': None, 'humidity': 0.25, 'temperature': None, 'time': 600.0, 'control_pce': None, 'treated_pce': None, 'control_voc': None, 'treated_voc': None, 'efficiency_control': None, 'efficiency_tret': 0.9}}"
89,"{'perovskite_composition': 'BA2MA3PbI13', 'electron_transport_layer': None, 'hole_transport_layer': None, 'structure_pin_nip': 'NIP', 'test_1': {'stability_type': None, 'passivating_molecule': 'FAPbI3', 'humidity': None, 'temperature': None, 'time': None, 'control_pce': None, 'treated_pce': 20.8, 'control_voc': None, 'treated_voc': 1.14, 'efficiency_control': None, 'efficiency_tret': None}}"
90,"{'perovskite_composition': '(FAPbI 3 ) 0.85 (MAPbBr 3 ) 0.15', 'electron_transport_layer': None, 'hole_transport_layer': 'Spiro-OMeTAD', 'structure_pin_nip': 'NIP', 'test_1': {'stability_type': None, 'passivating_molecule': 'MAPbI 3', 'humidity': None, 'temperature': None, 'time': None, 'control_pce': 18.7, 'treated_pce': 19.8, 'control_voc': None, 'treated_voc': 1.17, 'efficiency_control': None, 'efficiency_tret': None}}"
91,"{'perovskite_composition': None, 'electron_transport_layer': None, 'hole_transport_layer': None, 'structure_pin_nip': None, 'test_1': {'stability_type': 'ISOSL', 'passivating_molecule': 'Formamidinium Lead Iodide', 'humidity': 25.0, 'temperature': 25.0, 'time': 120.0, 'control_pce': None, 'treated_pce': 24.0, 'control_voc': None, 'treated_voc': 1.13, 'efficiency_control': None, 'efficiency_tret': 0.9}, 'test_2': {'stability_type': 'ISOST', 'passivating_molecule': None, 'humidity': None, 'temperature': 40.0, 'time': 300.0, 'control_pce': None, 'treated_pce': None, 'control_voc': None, 'treated_voc': None, 'efficiency_control': None, 'efficiency_tret': 0.9, 'efficiency_cont': 0.6}}"
92,"{'perovskite_composition': None, 'electron_transport_layer': 'ISOSLT', 'hole_transport_layer': None, 'structure_pin_nip': 'NIP', 'test_1': {'stability_type': 'ISOSL', 'passivating_molecule': None, 'humidity': 40.0, 'temperature': None, 'time': None, 'control_pce': 20.0, 'treated_pce': 21.3, 'control_voc': None, 'treated_voc': None, 'efficiency_control': None, 'efficiency_tret': 0.9, 'efficiency_cont': 0.5}, 'test_2': {'stability_type': 'ISOSD', 'passivating_molecule': None, 'humidity': 25.0, 'temperature': 25.0, 'time': 500.0, 'control_pce': 1.5, 'treated_pce': None, 'control_voc': None, 'treated_voc': None, 'efficiency_control': None, 'efficiency_tret': 1.0}, 'test_3': {'stability_type': None, 'passivating_molecule': None, 'humidity': None, 'temperature': 450.0, 'time': None, 'control_pce': None, 'treated_pce': None, 'control_voc': None, 'treated_voc': None, 'efficiency_control': None, 'efficiency_tret': 0.67}}"
93,"{'perovskite_composition': None, 'electron_transport_layer': 'TinOxide', 'hole_transport_layer': 'Spiro-OMeTAD', 'structure_pin_nip': 'NIP', 'test_1': {'stability_type': None, 'passivating_molecule': 'FA0.5MA0.5PbI3', 'humidity': None, 'temperature': None, 'time': None, 'control_pce': None, 'treated_pce': 21.2, 'control_voc': None, 'treated_voc': None, 'efficiency_control': None, 'efficiency_tret': None}}"
94,"{'perovskite_composition': None, 'electron_transport_layer': None, 'hole_transport_layer': 'polymeric poly(4-vinylpyridine)', 'structure_pin_nip': 'PIN', 'test_1': {'stability_type': 'ISOSL', 'passivating_molecule': None, 'humidity': 255.0, 'temperature': 254.0, 'time': 6000.0, 'control_pce': 19.1, 'treated_pce': 20.6, 'control_voc': None, 'treated_voc': None, 'efficiency_control': None, 'efficiency_tret': 0.8}, 'test_2': {'stability_type': 'ISOSLT', 'passivating_molecule': None, 'humidity': None, 'temperature': None, 'time': 700.0, 'control_pce': None, 'treated_pce': None, 'control_voc': None, 'treated_voc': None, 'efficiency_control': None, 'efficiency_tret': 0.9, 'efficiency_cont': 0.8}, 'test_3': {'stability_type': 'ISOST', 'passivating_molecule': None, 'humidity': None, 'temperature': 85.0, 'time': 300.0, 'control_pce': None, 'treated_pce': None, 'control_voc': None, 'treated_voc': None, 'efficiency_control': None, 'efficiency_tret': 0.8}}"
95,"{'perovskite_composition': '(FAPbI3)0.95(MAPbBr3)0.05', 'electron_transport_layer': 'TitaniumDioxide', 'hole_transport_layer': 'Spiro-OMeTAD', 'structure_pin_nip': None, 'test_1': {'stability_type': None, 'passivating_molecule': 'oleylammonium iodide', 'humidity': None, 'temperature': None, 'time': None, 'control_pce': 5.9, 'treated_pce': 23.3, 'control_voc': None, 'treated_voc': None, 'efficiency_control': None, 'efficiency_tret': None}, 'test_2': {'stability_type': 'ISOSD', 'passivating_molecule': None, 'humidity': 65.0, 'temperature': 65.0, 'time': 100.0, 'control_pce': 85.0, 'treated_pce': None, 'control_voc': None, 'treated_voc': None, 'efficiency_control': None, 'efficiency_tret': 0.9, 'efficiency_cont': 0.2}, 'test_1_2': {'stability_type': None, 'passivating_molecule': None, 'humidity': 85.0, 'temperature': 25.0, 'time': None, 'control_pce': None, 'treated_pce': None, 'control_voc': None, 'treated_voc': None, 'efficiency_control': None, 'efficiency_tret': None}}"
96,"{'perovskite_composition': '(FAPbI3)0.85(MAPbBr3)0.15', 'electron_transport_layer': None, 'hole_transport_layer': 'Spiro-OMeTAD', 'structure_pin_nip': None, 'test_1': {'stability_type': None, 'passivating_molecule': 'NIP', 'humidity': None, 'temperature': None, 'time': None, 'control_pce': None, 'treated_pce': 22.1, 'control_voc': None, 'treated_voc': None, 'efficiency_control': None, 'efficiency_tret': None}}"
97,"{'perovskite_composition': 'Cs 0.05 (FA0.92MA0.08)0.95Pb(I0.92Br0.08)3', 'electron_transport_layer': None, 'hole_transport_layer': None, 'structure_pin_nip': 'PIN', 'test_1': {'stability_type': 'ISOSLT', 'passivating_molecule': 'ISOSLT', 'humidity': None, 'temperature': None, 'time': 1000.0, 'control_pce': 19.2, 'treated_pce': 21.2, 'control_voc': None, 'treated_voc': None, 'efficiency_control': None, 'efficiency_tret': 1.0, 'efficiency_cont': 0.58}, 'test_2': {'stability_type': None, 'passivating_molecule': 'ISOST', 'humidity': None, 'temperature': 85.0, 'time': 1020.0, 'control_pce': None, 'treated_pce': None, 'control_voc': None, 'treated_voc': None, 'efficiency_control': None, 'efficiency_tret': 0.9}}"
98,"{'perovskite_composition': 'methylammonium lead iodide', 'electron_transport_layer': None, 'hole_transport_layer': 'Spiro-OMeTAD', 'structure_pin_nip': 'NIP', 'test_1': {'stability_type': 'ISOSLT', 'passivating_molecule': None, 'humidity': 60.0, 'temperature': None, 'time': 4.0, 'control_pce': 17.2, 'treated_pce': 19.3, 'control_voc': None, 'treated_voc': None, 'efficiency_control': None, 'efficiency_tret': 0.95, 'efficiency_cont': 0.3}}"
99,"{'perovskite_composition': None, 'electron_transport_layer': 'TinOxide', 'hole_transport_layer': None, 'structure_pin_nip': 'NIP', 'test_1': {'stability_type': 'ISOSO', 'passivating_molecule': 'chlorine-rich mixed-halide perovskite interlayer', 'humidity': None, 'temperature': None, 'time': 500.0, 'control_pce': 18.0, 'treated_pce': 21.0, 'control_voc': None, 'treated_voc': None, 'efficiency_control': None, 'efficiency_tret': 0.94, 'efficiency_cont': 0.0}, 'test_2': {'stability_type': None, 'passivating_molecule': 'ISOSLT', 'humidity': None, 'temperature': None, 'time': 500.0, 'control_pce': None, 'treated_pce': None, 'control_voc': None, 'treated_voc': None, 'efficiency_control': None, 'efficiency_tret': 0.82}}"
100,"{'perovskite_composition': None, 'electron_transport_layer': 'Lanthanum oxide / Tin Oxide Bilayer', 'hole_transport_layer': None, 'structure_pin_nip': 'NIP', 'test_1': {'stability_type': 'ISOSL', 'passivating_molecule': None, 'humidity': None, 'temperature': None, 'time': 1920.0, 'control_pce': 21.1, 'treated_pce': 23.2, 'control_voc': None, 'treated_voc': None, 'efficiency_control': None, 'efficiency_tret': 0.97, 'efficiency_cont': 0.92}, 'test_2': {'stability_type': 'ISOSLT', 'passivating_molecule': None, 'humidity': None, 'temperature': None, 'time': 180.0, 'control_pce': None, 'treated_pce': None, 'control_voc': None, 'treated_voc': None, 'efficiency_control': None, 'efficiency_tret': 0.91, 'efficiency_cont': 0.83}, 'test_3': {'stability_type': None, 'passivating_molecule': None, 'humidity': 75.0, 'temperature': None, 'time': 120.0, 'control_pce': None, 'treated_pce': None, 'control_voc': None, 'treated_voc': None, 'efficiency_control': None, 'efficiency_tret': 0.8, 'efficiency_cont': 0.71}}"
101,"{'perovskite_composition': None, 'electron_transport_layer': None, 'hole_transport_layer': None, 'structure_pin_nip': 'NIP', 'test_1': {'stability_type': 'ISOSL', 'passivating_molecule': None, 'humidity': 203.0, 'temperature': 25.0, 'time': 720.0, 'control_pce': 19.0, 'treated_pce': 16.7, 'control_voc': None, 'treated_voc': None, 'efficiency_control': None, 'efficiency_tret': 0.92}}"
102,"{'perovskite_composition': 'formamidinium lead iodide', 'electron_transport_layer': None, 'hole_transport_layer': None, 'structure_pin_nip': 'NIP', 'test_1': {'stability_type': 'ISOSL', 'passivating_molecule': 'lead iodide', 'humidity': 20.0, 'temperature': None, 'time': 720.0, 'control_pce': None, 'treated_pce': 20.7, 'control_voc': None, 'treated_voc': 1.11, 'efficiency_control': None, 'efficiency_tret': 0.8}, 'test_2': {'stability_type': 'ISOSLT', 'passivating_molecule': None, 'humidity': 30.0, 'temperature': None, 'time': 1.6, 'control_pce': 17.2, 'treated_pce': 21.4, 'control_voc': None, 'treated_voc': None, 'efficiency_control': None, 'efficiency_tret': 0.92}}"
103,"{'perovskite_composition': '(FAPbI3)0.95(MAPbBr3)0.05', 'electron_transport_layer': None, 'hole_transport_layer': None, 'structure_pin_nip': None, 'test_1': {'stability_type': 'ISOSO', 'passivating_molecule': None, 'humidity': None, 'temperature': None, 'time': 600.0, 'control_pce': None, 'treated_pce': 23.7, 'control_voc': None, 'treated_voc': None, 'efficiency_control': None, 'efficiency_tret': 0.9}, 'test_2': {'stability_type': None, 'passivating_molecule': None, 'humidity': 85.0, 'temperature': 25.0, 'time': None, 'control_pce': None, 'treated_pce': None, 'control_voc': None, 'treated_voc': None, 'efficiency_control': None, 'efficiency_tret': 0.9, 'efficiency_cont': 0.4}, 'test_3': {'stability_type': 'ISOST', 'passivating_molecule': None, 'humidity': 25.0, 'temperature': 150.0, 'time': None, 'control_pce': None, 'treated_pce': None, 'control_voc': None, 'treated_voc': None, 'efficiency_control': None, 'efficiency_tret': 0.9, 'efficiency_cont': 0.2}}"
104,"{'perovskite_composition': 'Methylammonium Lead Bromide', 'electron_transport_layer': 'tin dioxide', 'hole_transport_layer': None, 'structure_pin_nip': None, 'test_1': {'stability_type': 'ISOSLT', 'passivating_molecule': None, 'humidity': None, 'temperature': None, 'time': 3600.0, 'control_pce': None, 'treated_pce': 25.2, 'control_voc': None, 'treated_voc': None, 'efficiency_control': None, 'efficiency_tret': 1.0}, 'test_2': {'stability_type': 'ISOSLT', 'passivating_molecule': None, 'humidity': None, 'temperature': None, 'time': 500.0, 'control_pce': None, 'treated_pce': None, 'control_voc': None, 'treated_voc': None, 'efficiency_control': None, 'efficiency_tret': 0.8}}"
105,"{'perovskite_composition': None, 'electron_transport_layer': 'titanium oxynitride', 'hole_transport_layer': None, 'structure_pin_nip': 'NIP', 'test_1': {'stability_type': 'ISOSL', 'passivating_molecule': None, 'humidity': None, 'temperature': None, 'time': 250.0, 'control_pce': 20.2, 'treated_pce': 22.8, 'control_voc': None, 'treated_voc': None, 'efficiency_control': None, 'efficiency_tret': 0.98, 'efficiency_cont': 0.96}, 'test_2': {'stability_type': 'ISOSD', 'passivating_molecule': None, 'humidity': 85.0, 'temperature': 85.0, 'time': None, 'control_pce': None, 'treated_pce': None, 'control_voc': None, 'treated_voc': None, 'efficiency_control': None, 'efficiency_tret': None}}"
106,"{'perovskite_composition': None, 'electron_transport_layer': 'C60', 'hole_transport_layer': None, 'structure_pin_nip': 'PIN', 'test_1': {'stability_type': 'ISOSLT', 'passivating_molecule': None, 'humidity': None, 'temperature': 85.0, 'time': 1000.0, 'control_pce': 18.8, 'treated_pce': 22.0, 'control_voc': None, 'treated_voc': 1.2, 'efficiency_control': None, 'efficiency_tret': 0.92}, 'test_2': {'stability_type': 'ISOSL', 'passivating_molecule': None, 'humidity': 75.0, 'temperature': None, 'time': 1100.0, 'control_pce': None, 'treated_pce': None, 'control_voc': None, 'treated_voc': None, 'efficiency_control': None, 'efficiency_tret': 0.9, 'efficiency_cont': 0.5}}"
107,"{'perovskite_composition': 'formamidinium lead iodide', 'electron_transport_layer': None, 'hole_transport_layer': None, 'structure_pin_nip': 'NIP', 'test_1': {'stability_type': None, 'passivating_molecule': None, 'humidity': 506.0, 'temperature': 25.0, 'time': 1000.0, 'control_pce': 15.3, 'treated_pce': 21.2, 'control_voc': 1.05, 'treated_voc': 1.12, 'efficiency_control': None, 'efficiency_tret': 0.91}}"
108,"{'perovskite_composition': 'FAPbI 3 with 0.03 mol fraction of both MDA and Cs cations', 'electron_transport_layer': None, 'hole_transport_layer': None, 'structure_pin_nip': 'NIP', 'test_1': {'stability_type': 'ISOST', 'passivating_molecule': None, 'humidity': 152.0, 'temperature': 85.0, 'time': 1300.0, 'control_pce': None, 'treated_pce': 24.4, 'control_voc': None, 'treated_voc': None, 'efficiency_control': None, 'efficiency_tret': 0.8}, 'test_1_2': {'stability_type': 'ISOST', 'passivating_molecule': None, 'humidity': 152.0, 'temperature': 150.0, 'time': 20.0, 'control_pce': None, 'treated_pce': None, 'control_voc': None, 'treated_voc': None, 'efficiency_control': None, 'efficiency_tret': 0.8, 'efficiency_cont': 0.6}, 'test_2': {'stability_type': 'ISOSLT', 'passivating_molecule': None, 'humidity': None, 'temperature': None, 'time': 400.0, 'control_pce': None, 'treated_pce': None, 'control_voc': None, 'treated_voc': None, 'efficiency_control': None, 'efficiency_tret': 0.9}}"
109,"{'perovskite_composition': None, 'electron_transport_layer': 'polyacrylic acid-stabilized tin(IV) oxide quantum dots', 'hole_transport_layer': 'Spiro-OMeTAD', 'structure_pin_nip': 'NIP', 'test_1': {'stability_type': 'ISOSL', 'passivating_molecule': None, 'humidity': 25.0, 'temperature': 25.0, 'time': 1000.0, 'control_pce': None, 'treated_pce': 25.7, 'control_voc': None, 'treated_voc': 1.17, 'efficiency_control': None, 'efficiency_tret': 0.8, 'efficiency_cont': 0.4}, 'test_2': {'stability_type': 'ISOSL', 'passivating_molecule': None, 'humidity': None, 'temperature': None, 'time': 700.0, 'control_pce': None, 'treated_pce': None, 'control_voc': None, 'treated_voc': None, 'efficiency_control': None, 'efficiency_tret': 0.45}}"
110,"{'perovskite_composition': 'formamidine formate', 'electron_transport_layer': None, 'hole_transport_layer': None, 'structure_pin_nip': None, 'test_1': {'stability_type': 'ISOSD', 'passivating_molecule': 'formate', 'humidity': 20.0, 'temperature': 25.0, 'time': 1000.0, 'control_pce': 23.9, 'treated_pce': 25.5, 'control_voc': 1.15, 'treated_voc': 1.18, 'efficiency_control': None, 'efficiency_tret': 0.9, 'efficiency_cont': 0.65}, 'test_2': {'stability_type': 'ISOSD', 'passivating_molecule': None, 'humidity': 20.0, 'temperature': 60.0, 'time': 1000.0, 'control_pce': None, 'treated_pce': None, 'control_voc': None, 'treated_voc': None, 'efficiency_control': None, 'efficiency_tret': 0.8, 'efficiency_cont': 0.4}, 'test_3': {'stability_type': 'ISOSLT', 'passivating_molecule': None, 'humidity': None, 'temperature': 35.0, 'time': 450.0, 'control_pce': None, 'treated_pce': None, 'control_voc': None, 'treated_voc': None, 'efficiency_control': None, 'efficiency_tret': 0.85, 'efficiency_cont': 0.7}}"
111,"{'perovskite_composition': 'formamidinium lead iodide', 'electron_transport_layer': 'Titanium dioxide', 'hole_transport_layer': None, 'structure_pin_nip': None, 'test_1': {'stability_type': 'ISOSLT', 'passivating_molecule': None, 'humidity': None, 'temperature': 25.0, 'time': 2000.0, 'control_pce': None, 'treated_pce': 19.6, 'control_voc': None, 'treated_voc': None, 'efficiency_control': None, 'efficiency_tret': 1.0, 'efficiency_cont': 0.6}}"
112,"{'perovskite_composition': 'MA0.7FA0.3PbI3', 'electron_transport_layer': 'buckminsterfullerene', 'hole_transport_layer': 'PTAA', 'structure_pin_nip': 'PIN', 'test_1': {'stability_type': 'ISOSLT', 'passivating_molecule': None, 'humidity': 60.0, 'temperature': 65.0, 'time': 1000.0, 'control_pce': 21.8, 'treated_pce': 23.0, 'control_voc': 1.14, 'treated_voc': 1.17, 'efficiency_control': None, 'efficiency_tret': 1.0, 'efficiency_cont': 0.6}}"
113,"{'perovskite_composition': 'Cl-contained formamidinium lead iodide', 'electron_transport_layer': 'Cl-bonded SnO 2', 'hole_transport_layer': None, 'structure_pin_nip': 'NIP', 'test_1': {'stability_type': 'ISOSL1', 'passivating_molecule': None, 'humidity': None, 'temperature': None, 'time': 500.0, 'control_pce': None, 'treated_pce': 25.5, 'control_voc': None, 'treated_voc': 1.18, 'efficiency_control': None, 'efficiency_tret': 0.9}}"
114,"{'perovskite_composition': 'Cs 0.05(FA0.95MA0.05)0.95Pb(I0.95Br0.05)3', 'electron_transport_layer': 'buckminsterfullerene', 'hole_transport_layer': 'poly(triarylamine)', 'structure_pin_nip': 'PIN', 'test_1': {'stability_type': None, 'passivating_molecule': 'Piperazinium Diiodide', 'humidity': 55.0, 'temperature': 25.0, 'time': None, 'control_pce': 20.7, 'treated_pce': 21.9, 'control_voc': 1.06, 'treated_voc': 1.13, 'efficiency_control': None, 'efficiency_tret': 0.93, 'efficiency_cont': 0.4}, 'test_2': {'stability_type': 'ISOSLT', 'passivating_molecule': 'piperazinium iodide', 'humidity': None, 'temperature': None, 'time': 200.0, 'control_pce': None, 'treated_pce': None, 'control_voc': None, 'treated_voc': None, 'efficiency_control': None, 'efficiency_tret': 0.9, 'efficiency_cont': 0.87}}"
115,"{'perovskite_composition': None, 'electron_transport_layer': None, 'hole_transport_layer': None, 'structure_pin_nip': None, 'test_2': {'stability_type': None, 'passivating_molecule': None, 'humidity': None, 'temperature': None, 'time': 2000.0, 'control_pce': None, 'treated_pce': 24.0, 'control_voc': None, 'treated_voc': None, 'efficiency_control': None, 'efficiency_tret': 0.95, 'efficiency_cont': 0.8}, 'test_1': {'stability_type': 'ISOSD2', 'passivating_molecule': None, 'humidity': None, 'temperature': 85.0, 'time': 2184.0, 'control_pce': None, 'treated_pce': None, 'control_voc': None, 'treated_voc': None, 'efficiency_control': None, 'efficiency_tret': 0.95, 'efficiency_cont': 0.75}}"
116,"{'perovskite_composition': 'formamidinium lead iodide', 'electron_transport_layer': None, 'hole_transport_layer': 'Spiro[OMeTAD-3-fluorophenyl]', 'structure_pin_nip': 'NIP', 'test_1': {'stability_type': None, 'passivating_molecule': 'Titanium dioxide', 'humidity': 50.0, 'temperature': None, 'time': 500.0, 'control_pce': 23.2, 'treated_pce': 24.8, 'control_voc': 1.15, 'treated_voc': 1.18, 'efficiency_control': None, 'efficiency_tret': 0.87, 'efficiency_cont': 0.6}}"
117,"{'perovskite_composition': 'formamidinium lead iodide', 'electron_transport_layer': 'Titanium dioxide', 'hole_transport_layer': 'ion-modulated radical doping Spiro-OMeTAD', 'structure_pin_nip': None, 'test_1': {'stability_type': None, 'passivating_molecule': None, 'humidity': 70.0, 'temperature': None, 'time': 1200.0, 'control_pce': None, 'treated_pce': 25.0, 'control_voc': 1.15, 'treated_voc': 1.04, 'efficiency_control': None, 'efficiency_tret': 0.8}, 'test_2': {'stability_type': None, 'passivating_molecule': None, 'humidity': None, 'temperature': 70.0, 'time': 800.0, 'control_pce': None, 'treated_pce': None, 'control_voc': None, 'treated_voc': None, 'efficiency_control': None, 'efficiency_tret': 0.8}, 'test_3': {'stability_type': None, 'passivating_molecule': None, 'humidity': None, 'temperature': None, 'time': 500.0, 'control_pce': None, 'treated_pce': None, 'control_voc': None, 'treated_voc': None, 'efficiency_control': None, 'efficiency_tret': 0.95, 'efficiency_cont': 0.85}}"
118,"{'perovskite_composition': 'Butylammonium bromide', 'electron_transport_layer': None, 'hole_transport_layer': 'Spiro-OMeTAD', 'structure_pin_nip': None, 'test_1': {'stability_type': None, 'passivating_molecule': 'Butylammonium bromide', 'humidity': None, 'temperature': None, 'time': 516.0, 'control_pce': 16.1, 'treated_pce': 18.0, 'control_voc': 1.21, 'treated_voc': 1.26, 'efficiency_control': None, 'efficiency_tret': 0.91, 'efficiency_cont': 0.16}}"
119,"{'perovskite_composition': '576', 'electron_transport_layer': None, 'hole_transport_layer': 'bis(trifluoromethane)sulfonimide lithium salt/4-tert-butylpyridine (LiTFSI/tBP)doped poly(triarylamine)', 'structure_pin_nip': 'NIP', 'test_1': {'stability_type': 'ISOSLT', 'passivating_molecule': None, 'humidity': None, 'temperature': 85.0, 'time': 1000.0, 'control_pce': 20.5, 'treated_pce': 24.0, 'control_voc': 1.09, 'treated_voc': 1.14, 'efficiency_control': None, 'efficiency_tret': 0.92}, 'test_2': {'stability_type': 'ISOST', 'passivating_molecule': None, 'humidity': None, 'temperature': 120.0, 'time': None, 'control_pce': None, 'treated_pce': None, 'control_voc': None, 'treated_voc': None, 'efficiency_control': None, 'efficiency_tret': 0.95, 'efficiency_cont': 0.55}, 'test_3': {'stability_type': 'ISOSLT', 'passivating_molecule': None, 'humidity': 50.0, 'temperature': None, 'time': None, 'control_pce': None, 'treated_pce': None, 'control_voc': None, 'treated_voc': None, 'efficiency_control': None, 'efficiency_tret': 0.9, 'efficiency_cont': 0.4}}"
120,"{'perovskite_composition': '(FA0.98MA0.02)0.95Cs0.05Pb(I0.95Br0.02)3', 'electron_transport_layer': 'buckminsterfullerene', 'hole_transport_layer': 'poly(triaryl amine)', 'structure_pin_nip': None, 'test_1': {'stability_type': 'ISOSLT', 'passivating_molecule': 'ferrocenyl-bis-thiophene-2-carboxylate', 'humidity': None, 'temperature': None, 'time': 1500.0, 'control_pce': 23.0, 'treated_pce': 25.0, 'control_voc': 1.13, 'treated_voc': 1.18, 'efficiency_control': None, 'efficiency_tret': 0.72}}"
121,"{'perovskite_composition': None, 'electron_transport_layer': None, 'hole_transport_layer': None, 'structure_pin_nip': None, 'test_1': {'stability_type': 'ISOSLT', 'passivating_molecule': None, 'humidity': None, 'temperature': None, 'time': 600.0, 'control_pce': None, 'treated_pce': 26.0, 'control_voc': None, 'treated_voc': 1.17, 'efficiency_control': None, 'efficiency_tret': 0.88}}"
122,"{'perovskite_composition': 'formamidinium lead iodide', 'electron_transport_layer': 'tin dioxide', 'hole_transport_layer': 'Spiro-OMeTAD', 'structure_pin_nip': 'NIP', 'test_1': {'stability_type': 'ISOSD', 'passivating_molecule': None, 'humidity': None, 'temperature': None, 'time': 1000.0, 'control_pce': None, 'treated_pce': 25.6, 'control_voc': None, 'treated_voc': 1.18, 'efficiency_control': None, 'efficiency_tret': 0.96}, 'test_2': {'stability_type': 'ISOSD', 'passivating_molecule': None, 'humidity': None, 'temperature': 85.0, 'time': 500.0, 'control_pce': None, 'treated_pce': None, 'control_voc': None, 'treated_voc': None, 'efficiency_control': None, 'efficiency_tret': 0.8, 'efficiency_cont': 0.5}}"
123,"{'perovskite_composition': '(FAPbI3)0.95(MAPbBr3)0.05', 'electron_transport_layer': 'buckminsterfullerene', 'hole_transport_layer': 'P3CT-N', 'structure_pin_nip': None, 'test_1': {'stability_type': None, 'passivating_molecule': None, 'humidity': None, 'temperature': 85.0, 'time': 2200.0, 'control_pce': 21.8, 'treated_pce': 24.3, 'control_voc': 1.09, 'treated_voc': 1.19, 'efficiency_control': None, 'efficiency_tret': 0.91, 'efficiency_cont': 0.73}, 'test_2': {'stability_type': 'ISOSLT', 'passivating_molecule': None, 'humidity': None, 'temperature': 55.0, 'time': 1000.0, 'control_pce': None, 'treated_pce': None, 'control_voc': None, 'treated_voc': None, 'efficiency_control': None, 'efficiency_tret': 0.9, 'efficiency_cont': 0.77}}"
124,"{'perovskite_composition': 'Cs 0.05(FA0.98MA0.02)0.95Pb(I0.98Br0.02)3', 'electron_transport_layer': '6] -phenyl-C61-butyric acid methyl ester,[6', 'hole_transport_layer': '6-dimethoxy-9H-carbazol-9-yl)ethyl]phosphonic acid,[2-(3', 'structure_pin_nip': 'PIN', 'test_1': {'stability_type': None, 'passivating_molecule': None, 'humidity': None, 'temperature': 25.0, 'time': None, 'control_pce': 22.3, 'treated_pce': 24.6, 'control_voc': None, 'treated_voc': 1.18, 'efficiency_control': None, 'efficiency_tret': 0.96, 'efficiency_cont': 0.84}, 'test_2': {'stability_type': None, 'passivating_molecule': None, 'humidity': None, 'temperature': 75.0, 'time': 1000.0, 'control_pce': None, 'treated_pce': None, 'control_voc': None, 'treated_voc': None, 'efficiency_control': None, 'efficiency_tret': 0.88, 'efficiency_cont': 0.56}, 'test_3_2': {'stability_type': 'ISOST', 'passivating_molecule': None, 'humidity': None, 'temperature': 60.0, 'time': None, 'control_pce': None, 'treated_pce': None, 'control_voc': None, 'treated_voc': None, 'efficiency_control': None, 'efficiency_tret': 0.88, 'efficiency_cont': 0.63}, 'test_3': {'stability_type': None, 'passivating_molecule': None, 'humidity': None, 'temperature': 80.0, 'time': None, 'control_pce': None, 'treated_pce': None, 'control_voc': None, 'treated_voc': None, 'efficiency_control': None, 'efficiency_tret': 98.9, 'efficiency_cont': 0.75}}"
125,"{'perovskite_composition': 'Cs0.1FA0.9PbI3', 'electron_transport_layer': 'tin dioxide', 'hole_transport_layer': 'Spiro-OMeTAD', 'structure_pin_nip': None, 'test_1': {'stability_type': 'ISOSD', 'passivating_molecule': None, 'humidity': None, 'temperature': 45.0, 'time': 1750.0, 'control_pce': 20.9, 'treated_pce': 23.4, 'control_voc': None, 'treated_voc': None, 'efficiency_control': None, 'efficiency_tret': 0.8}, 'test_3': {'stability_type': 'ISOSLT', 'passivating_molecule': None, 'humidity': None, 'temperature': None, 'time': 960.0, 'control_pce': None, 'treated_pce': None, 'control_voc': None, 'treated_voc': None, 'efficiency_control': None, 'efficiency_tret': 0.8}, 'test_2_2': {'stability_type': 'ISOSLT', 'passivating_molecule': None, 'humidity': None, 'temperature': 85.0, 'time': 500.0, 'control_pce': None, 'treated_pce': None, 'control_voc': None, 'treated_voc': None, 'efficiency_control': None, 'efficiency_tret': 0.89}, 'test_2': {'stability_type': None, 'passivating_molecule': None, 'humidity': None, 'temperature': 65.0, 'time': None, 'control_pce': None, 'treated_pce': None, 'control_voc': None, 'treated_voc': None, 'efficiency_control': None, 'efficiency_tret': 0.91}}"
126,"{'perovskite_composition': 'formamidinium lead iodide', 'electron_transport_layer': 'tin dioxide', 'hole_transport_layer': 'Spiro-OMeTAD', 'structure_pin_nip': 'NIP', 'test_1': {'stability_type': 'ISOSLT', 'passivating_molecule': 'lead oxalate', 'humidity': None, 'temperature': None, 'time': 550.0, 'control_pce': 23.4, 'treated_pce': 25.3, 'control_voc': 1.16, 'treated_voc': 1.18, 'efficiency_control': None, 'efficiency_tret': 0.92, 'efficiency_cont': 0.6}}"
127,"{'perovskite_composition': None, 'electron_transport_layer': 'buckminsterfullerene', 'hole_transport_layer': 'poly(triarylamine)', 'structure_pin_nip': 'PIN', 'test_1': {'stability_type': 'ISOSLT', 'passivating_molecule': 'zinc-based halogenometallate', 'humidity': None, 'temperature': None, 'time': 1009.0, 'control_pce': None, 'treated_pce': 24.1, 'control_voc': None, 'treated_voc': 1.19, 'efficiency_control': None, 'efficiency_tret': 0.94}}"
128,"{'perovskite_composition': 'Cs0.05FA0.95PbI3', 'electron_transport_layer': 'PCBM', 'hole_transport_layer': 'poly(triarylamine)', 'structure_pin_nip': 'PIN', 'test_1': {'stability_type': 'ISOST1', 'passivating_molecule': None, 'humidity': None, 'temperature': 55.0, 'time': 1500.0, 'control_pce': 21.7, 'treated_pce': 25.1, 'control_voc': 1.12, 'treated_voc': 1.15, 'efficiency_control': None, 'efficiency_tret': 0.98, 'efficiency_cont': 0.78}, 'test_2': {'stability_type': 'ISOST1', 'passivating_molecule': None, 'humidity': 85.0, 'temperature': 85.0, 'time': 1200.0, 'control_pce': None, 'treated_pce': None, 'control_voc': None, 'treated_voc': None, 'efficiency_control': None, 'efficiency_tret': 0.92}}"
129,"{'perovskite_composition': None, 'electron_transport_layer': 'buckminsterfullerene', 'hole_transport_layer': '(2,7-Dimethoxy-9H-carbazol-9-yl)methyl phosphonic acid', 'structure_pin_nip': 'PIN', 'test_1': {'stability_type': 'ISOSLT', 'passivating_molecule': None, 'humidity': None, 'temperature': 65.0, 'time': 1200.0, 'control_pce': None, 'treated_pce': 24.8, 'control_voc': None, 'treated_voc': 1.19, 'efficiency_control': None, 'efficiency_tret': 0.98, 'efficiency_cont': 0.7}, 'test_2': {'stability_type': 'ISOSLT', 'passivating_molecule': None, 'humidity': None, 'temperature': None, 'time': 500.0, 'control_pce': None, 'treated_pce': None, 'control_voc': None, 'treated_voc': None, 'efficiency_control': None, 'efficiency_tret': 0.9, 'efficiency_cont': 0.3}}"
130,"{'perovskite_composition': None, 'electron_transport_layer': None, 'hole_transport_layer': None, 'structure_pin_nip': None, 'test_1': {'stability_type': 'ISOSL3', 'passivating_molecule': None, 'humidity': None, 'temperature': 30.0, 'time': 1000.0, 'control_pce': 18.9, 'treated_pce': 20.4, 'control_voc': 1.13, 'treated_voc': 1.18, 'efficiency_control': None, 'efficiency_tret': 0.95, 'efficiency_cont': 0.7}, 'test_2': {'stability_type': None, 'passivating_molecule': None, 'humidity': 85.0, 'temperature': 65.0, 'time': 500.0, 'control_pce': None, 'treated_pce': None, 'control_voc': None, 'treated_voc': None, 'efficiency_control': None, 'efficiency_tret': 0.82, 'efficiency_cont': 0.63}}"
131,"{'perovskite_composition': None, 'electron_transport_layer': None, 'hole_transport_layer': None, 'structure_pin_nip': 'porous insulator contact', 'test_1': {'stability_type': 'ISOSLT', 'passivating_molecule': None, 'humidity': None, 'temperature': 85.0, 'time': 1000.0, 'control_pce': 23.0, 'treated_pce': 25.5, 'control_voc': 1.13, 'treated_voc': 1.19, 'efficiency_control': None, 'efficiency_tret': 0.98}}"
132,"{'perovskite_composition': 'Cs0.05(FAPbI3)0.85(MAPbBr3)0.15', 'electron_transport_layer': None, 'hole_transport_layer': 'DDT-treated spiro-OMeTAD', 'structure_pin_nip': None, 'test_1': {'stability_type': 'ISOSD', 'passivating_molecule': None, 'humidity': 50.0, 'temperature': None, 'time': 430.0, 'control_pce': 22.7, 'treated_pce': 23.1, 'control_voc': 1.17, 'treated_voc': 1.19, 'efficiency_control': None, 'efficiency_tret': 0.97, 'efficiency_cont': 0.68}, 'test_2': {'stability_type': 'ISOSLT', 'passivating_molecule': None, 'humidity': None, 'temperature': 508.0, 'time': None, 'control_pce': None, 'treated_pce': None, 'control_voc': None, 'treated_voc': None, 'efficiency_control': None, 'efficiency_tret': 0.95}, 'test_3': {'stability_type': 'ISOSLT', 'passivating_molecule': None, 'humidity': None, 'temperature': None, 'time': 2000.0, 'control_pce': None, 'treated_pce': None, 'control_voc': None, 'treated_voc': None, 'efficiency_control': None, 'efficiency_tret': 0.93, 'efficiency_cont': 0.1}}"
133,"{'perovskite_composition': 'Cs0.05FA0.9MA0.05Pb(I0.95Br0.05)3', 'electron_transport_layer': 'buckminsterfullerene', 'hole_transport_layer': 'Me-4PACz', 'structure_pin_nip': 'PIN', 'test_1': {'stability_type': 'ISOSLT', 'passivating_molecule': 'sodium thioglycolate', 'humidity': None, 'temperature': None, 'time': 900.0, 'control_pce': 22.5, 'treated_pce': 24.2, 'control_voc': 1.14, 'treated_voc': 1.19, 'efficiency_control': None, 'efficiency_tret': 0.96}}"
134,"{'perovskite_composition': 'FA0.98MA0.02Pbl3', 'electron_transport_layer': None, 'hole_transport_layer': 'Spiro-OMeTAD', 'structure_pin_nip': 'NIP', 'test_1': {'stability_type': 'ISOSD', 'passivating_molecule': None, 'humidity': 85.0, 'temperature': 85.0, 'time': 300.0, 'control_pce': None, 'treated_pce': 25.0, 'control_voc': None, 'treated_voc': 1.17, 'efficiency_control': None, 'efficiency_tret': 0.85, 'efficiency_cont': 0.6}, 'test_2': {'stability_type': 'ISOSD', 'passivating_molecule': None, 'humidity': 20.0, 'temperature': 25.0, 'time': 2000.0, 'control_pce': None, 'treated_pce': None, 'control_voc': None, 'treated_voc': None, 'efficiency_control': None, 'efficiency_tret': 0.97, 'efficiency_cont': 0.68}, 'test_1_2': {'stability_type': 'ISOSLT', 'passivating_molecule': None, 'humidity': None, 'temperature': 50.0, 'time': 500.0, 'control_pce': None, 'treated_pce': None, 'control_voc': None, 'treated_voc': None, 'efficiency_control': None, 'efficiency_tret': 0.96, 'efficiency_cont': 0.65}, 'test_3': {'stability_type': 'ISOSD', 'passivating_molecule': None, 'humidity': 85.0, 'temperature': 85.0, 'time': 260.0, 'control_pce': None, 'treated_pce': None, 'control_voc': None, 'treated_voc': None, 'efficiency_control': None, 'efficiency_tret': 0.85}}"
135,"{'perovskite_composition': None, 'electron_transport_layer': 'buckminsterfullerene', 'hole_transport_layer': '11-dimethoxy-7H-dibenzo[c,4-(3,g]carbazol-7-yl)butyl)phosphonic acid', 'structure_pin_nip': 'PIN', 'test_1': {'stability_type': 'ISOSLT', 'passivating_molecule': 'methylammonium iodide', 'humidity': None, 'temperature': 25.0, 'time': 1200.0, 'control_pce': None, 'treated_pce': 25.6, 'control_voc': None, 'treated_voc': 1.19, 'efficiency_control': None, 'efficiency_tret': 0.85}, 'test_2_2': {'stability_type': 'ISOSL2', 'passivating_molecule': None, 'humidity': None, 'temperature': 85.0, 'time': 1200.0, 'control_pce': None, 'treated_pce': None, 'control_voc': None, 'treated_voc': None, 'efficiency_control': None, 'efficiency_tret': 0.65}, 'test_1_2': {'stability_type': None, 'passivating_molecule': None, 'humidity': None, 'temperature': 85.0, 'time': 800.0, 'control_pce': None, 'treated_pce': None, 'control_voc': None, 'treated_voc': None, 'efficiency_control': None, 'efficiency_tret': 0.53}, 'test_2': {'stability_type': None, 'passivating_molecule': None, 'humidity': None, 'temperature': 65.0, 'time': None, 'control_pce': None, 'treated_pce': None, 'control_voc': None, 'treated_voc': None, 'efficiency_control': None, 'efficiency_tret': 0.85}, 'test_3': {'stability_type': None, 'passivating_molecule': None, 'humidity': None, 'temperature': 65.0, 'time': None, 'control_pce': None, 'treated_pce': None, 'control_voc': None, 'treated_voc': None, 'efficiency_control': None, 'efficiency_tret': 0.9}, 'test_3_2': {'stability_type': None, 'passivating_molecule': None, 'humidity': None, 'temperature': 85.0, 'time': 1200.0, 'control_pce': None, 'treated_pce': None, 'control_voc': None, 'treated_voc': None, 'efficiency_control': None, 'efficiency_tret': 0.74}}"
136,"{'perovskite_composition': 'Cs0.05(FA0.95MA0.05)0.95Pb(I0.95Br0.05)3', 'electron_transport_layer': 'buckminsterfullerene', 'hole_transport_layer': ""2,2'-(9,6-diyl)bis(4-(1H-pyrazol-1-yl)-phenyl)amine,9-dimethyl-9H-carbazol-3"", 'structure_pin_nip': None, 'test_1': {'stability_type': 'ISOSL1', 'passivating_molecule': None, 'humidity': 304.0, 'temperature': 2000.0, 'time': None, 'control_pce': None, 'treated_pce': 23.4, 'control_voc': None, 'treated_voc': 1.17, 'efficiency_control': None, 'efficiency_tret': 0.9}, 'test_2': {'stability_type': 'ISOSD', 'passivating_molecule': None, 'humidity': 85.0, 'temperature': 85.0, 'time': 500.0, 'control_pce': None, 'treated_pce': None, 'control_voc': None, 'treated_voc': None, 'efficiency_control': None, 'efficiency_tret': 0.95}}"
137,"{'perovskite_composition': None, 'electron_transport_layer': 'buckminsterfullerene', 'hole_transport_layer': None, 'structure_pin_nip': 'PIN', 'test_1': {'stability_type': 'ISOSD2', 'passivating_molecule': '3-diammonium iodide,propane-1', 'humidity': None, 'temperature': 85.0, 'time': 1600.0, 'control_pce': None, 'treated_pce': 26.4, 'control_voc': None, 'treated_voc': 1.17, 'efficiency_control': None, 'efficiency_tret': 0.95, 'efficiency_cont': 0.84}, 'test_2': {'stability_type': 'ISOSL3', 'passivating_molecule': None, 'humidity': 50.0, 'temperature': 65.0, 'time': 2000.0, 'control_pce': None, 'treated_pce': None, 'control_voc': None, 'treated_voc': None, 'efficiency_control': None, 'efficiency_tret': 0.96, 'efficiency_cont': 0.7}}"
138,"{'perovskite_composition': 'Cs0.05MA0.10FA0.85PbI3', 'electron_transport_layer': None, 'hole_transport_layer': None, 'structure_pin_nip': 'NIP', 'test_1': {'stability_type': 'ISOSL3', 'passivating_molecule': None, 'humidity': 50.0, 'temperature': 65.0, 'time': 1000.0, 'control_pce': None, 'treated_pce': 25.3, 'control_voc': None, 'treated_voc': None, 'efficiency_control': None, 'efficiency_tret': 0.95}}"
139,"{'perovskite_composition': 'FA0.95Cs0.05PbI3', 'electron_transport_layer': 'buckminsterfullerene', 'hole_transport_layer': 'poly(triaryl)amine', 'structure_pin_nip': 'PIN', 'test_1': {'stability_type': 'ISOSL1', 'passivating_molecule': None, 'humidity': None, 'temperature': None, 'time': 2500.0, 'control_pce': 25.4, 'treated_pce': 23.5, 'control_voc': 1.14, 'treated_voc': 1.16, 'efficiency_control': None, 'efficiency_tret': 0.92, 'efficiency_cont': 0.8}, 'test_2': {'stability_type': 'ISOSD3', 'passivating_molecule': None, 'humidity': 85.0, 'temperature': 85.0, 'time': 300.0, 'control_pce': 19.2, 'treated_pce': 21.8, 'control_voc': None, 'treated_voc': None, 'efficiency_control': None, 'efficiency_tret': 0.9, 'efficiency_cont': 0.8}}"
140,"{'perovskite_composition': 'formamidinium lead halides', 'electron_transport_layer': None, 'hole_transport_layer': None, 'structure_pin_nip': None, 'test_1': {'stability_type': None, 'passivating_molecule': None, 'humidity': None, 'temperature': 50.0, 'time': 1258.0, 'control_pce': None, 'treated_pce': 25.8, 'control_voc': None, 'treated_voc': None, 'efficiency_control': None, 'efficiency_tret': 0.94}}"
141,"{'perovskite_composition': None, 'electron_transport_layer': 'boron chloride subphthalocyanine', 'hole_transport_layer': None, 'structure_pin_nip': 'PIN', 'test_1': {'stability_type': 'ISOSD', 'passivating_molecule': None, 'humidity': 85.0, 'temperature': 85.0, 'time': 816.0, 'control_pce': None, 'treated_pce': 21.3, 'control_voc': None, 'treated_voc': None, 'efficiency_control': None, 'efficiency_tret': 0.8, 'efficiency_cont': 0.8}, 'test_2': {'stability_type': 'ISOSO1', 'passivating_molecule': None, 'humidity': None, 'temperature': None, 'time': 1272.0, 'control_pce': None, 'treated_pce': None, 'control_voc': None, 'treated_voc': None, 'efficiency_control': None, 'efficiency_tret': 0.95}}"
142,"{'perovskite_composition': None, 'electron_transport_layer': None, 'hole_transport_layer': None, 'structure_pin_nip': None, 'test_2': {'stability_type': None, 'passivating_molecule': None, 'humidity': None, 'temperature': 85.0, 'time': None, 'control_pce': None, 'treated_pce': 16.1, 'control_voc': None, 'treated_voc': None, 'efficiency_control': None, 'efficiency_tret': 0.74}, 'test_1': {'stability_type': None, 'passivating_molecule': None, 'humidity': 65.0, 'temperature': None, 'time': 1200.0, 'control_pce': None, 'treated_pce': None, 'control_voc': None, 'treated_voc': None, 'efficiency_control': None, 'efficiency_tret': 0.71}}"
143,"{'perovskite_composition': '(FAPbI3)0.77(MAPbBr3)0.14(CsPbI3)0.09', 'electron_transport_layer': None, 'hole_transport_layer': 'Spiro-OMeTAD', 'structure_pin_nip': None, 'test_1': {'stability_type': None, 'passivating_molecule': 'fluorophenylethylammonium iodide', 'humidity': None, 'temperature': None, 'time': None, 'control_pce': 17.6, 'treated_pce': 18.0, 'control_voc': 1.09, 'treated_voc': 1.08, 'efficiency_control': None, 'efficiency_tret': None}}"
144,"{'perovskite_composition': None, 'electron_transport_layer': None, 'hole_transport_layer': None, 'structure_pin_nip': None, 'test_1': {'stability_type': None, 'passivating_molecule': 'glycine hydrochloride', 'humidity': None, 'temperature': None, 'time': None, 'control_pce': None, 'treated_pce': 23.6, 'control_voc': None, 'treated_voc': None, 'efficiency_control': None, 'efficiency_tret': None}}"
145,"{'perovskite_composition': 'Cs0.05(MA0.17FA0.83)0.95Pb(I0.83Br0.17)3', 'electron_transport_layer': None, 'hole_transport_layer': 'Spiro-OMeTAD', 'structure_pin_nip': None, 'test_1': {'stability_type': 'ISOSLT', 'passivating_molecule': '4-fluoroaniline', 'humidity': None, 'temperature': None, 'time': 95.0, 'control_pce': 17.8, 'treated_pce': 20.4, 'control_voc': 1.02, 'treated_voc': 1.13, 'efficiency_control': None, 'efficiency_tret': 0.75, 'efficiency_cont': 0.5}}"
146,"{'perovskite_composition': 'Cs0.05(MA0.05FA0.95)0.95Pb(I0.95Br0.05)3', 'electron_transport_layer': None, 'hole_transport_layer': None, 'structure_pin_nip': None, 'test_1': {'stability_type': None, 'passivating_molecule': 'ortho-carborane', 'humidity': 30.0, 'temperature': 40.0, 'time': 400.0, 'control_pce': None, 'treated_pce': 23.0, 'control_voc': None, 'treated_voc': 1.17, 'efficiency_control': None, 'efficiency_tret': 0.97, 'efficiency_cont': 0.89}}"
147,"{'perovskite_composition': 'formamidinium lead iodide', 'electron_transport_layer': None, 'hole_transport_layer': 'Spiro-OMeTAD', 'structure_pin_nip': 'NIP', 'test_1': {'stability_type': 'ISOSD', 'passivating_molecule': 'carbazole-triphenylamine and phenylammonium iodide units', 'humidity': 85.0, 'temperature': 85.0, 'time': 1000.0, 'control_pce': 22.3, 'treated_pce': None, 'control_voc': None, 'treated_voc': 1.11, 'efficiency_control': None, 'efficiency_tret': 0.92}, 'test_2': {'stability_type': 'ISOSLT', 'passivating_molecule': None, 'humidity': None, 'temperature': None, 'time': 1100.0, 'control_pce': None, 'treated_pce': 24.7, 'control_voc': None, 'treated_voc': None, 'efficiency_control': None, 'efficiency_tret': 0.94, 'efficiency_cont': 0.66}}"
148,"{'perovskite_composition': 'Cs0.05FA0.85MA0.10Pb(I0.97Br0.03)3', 'electron_transport_layer': None, 'hole_transport_layer': 'Spiro-OMeTAD', 'structure_pin_nip': 'NIP', 'test_1_2': {'stability_type': 'ISOSLT', 'passivating_molecule': 'phenylethylammonium iodide', 'humidity': 507.0, 'temperature': None, 'time': 500.0, 'control_pce': None, 'treated_pce': 0.84, 'control_voc': None, 'treated_voc': None, 'efficiency_control': None, 'efficiency_tret': None, 'efficiency_cont': 0.7}, 'test_1': {'stability_type': None, 'passivating_molecule': '4-tert-butyl-benzylammonium iodide', 'humidity': None, 'temperature': None, 'time': None, 'control_pce': 21.2, 'treated_pce': 22.7, 'control_voc': 1.09, 'treated_voc': 1.12, 'efficiency_control': None, 'efficiency_tret': 0.95}}"
149,"{'perovskite_composition': 'FA0.7MA0.3Pb0.5Sn0.5I3', 'electron_transport_layer': 'buckminsterfullerene', 'hole_transport_layer': None, 'structure_pin_nip': None, 'test_1': {'stability_type': 'ISOSLT', 'passivating_molecule': '4-trifluoromethyl-phenylammonium', 'humidity': 305.0, 'temperature': 35.0, 'time': 600.0, 'control_pce': None, 'treated_pce': 26.4, 'control_voc': None, 'treated_voc': None, 'efficiency_control': None, 'efficiency_tret': 0.9}}"
