system,
user,"Answer ""Yes"" or ""No"" only. Does the following text contain a value of PCE?

All-perovskite tandem solar cells hold the promise of surpassing the efficiency limits of single-junction solar cells  [1] [2] [3]  ; however, until now, the best-performing all-perovskite tandem solar cells have exhibited lower certified efficiency than have single-junction perovskite solar cells  4, 5  "
assistant,No
system,
user,"Answer ""Yes"" or ""No"" only. Does the following text contain a value of PCE?

A thick mixed Pb-Sn narrow-bandgap subcell is needed to achieve high photocurrent density in tandem solar cells 6 , yet this is challenging owing to the short carrier diffusion length within Pb-Sn perovskites"
assistant,No
system,
user,"Answer ""Yes"" or ""No"" only. Does the following text contain a value of PCE?

Here we develop ammonium-cation-passivated Pb-Sn perovskites with long diffusion lengths, enabling subcells that have an absorber thickness of approximately 1.2 μm"
assistant,No
system,
user,"Answer ""Yes"" or ""No"" only. Does the following text contain a value of PCE?

Molecular dynamics simulations indicate that widely used phenethylammonium cations are only partially adsorbed on the surface defective sites at perovskite crystallization temperatures"
assistant,No
system,
user,"Answer ""Yes"" or ""No"" only. Does the following text contain a value of PCE?

The passivator adsorption is predicted to be enhanced using 4-trifluoromethyl-phenylammonium (CF3-PA), which exhibits a stronger perovskite surface-passivator interaction than does phenethylammonium"
assistant,No
system,
user,"Answer ""Yes"" or ""No"" only. Does the following text contain a value of PCE?

By adding a small amount of CF3-PA into the precursor solution, we increase the carrier diffusion length within Pb-Sn perovskites twofold, to over 5 μm, and increase the efficiency of Pb-Sn perovskite solar cells to over 22%"
assistant,No
system,
user,"Answer ""Yes"" or ""No"" only. Does the following text contain a value of PCE?

We report a certified efficiency of 26.4% in all-perovskite tandem solar cells, which exceeds that of the best-performing single-junction perovskite solar cells"
assistant,No
system,
user,"Answer ""Yes"" or ""No"" only. Does the following text contain a value of PCE?

Encapsulated tandem devices retain more than 90% of their initial performance after 600 h of operation at the maximum power point under 1 Sun illumination in ambient conditions."
assistant,No
system,
user,"Answer ""Yes"" or ""No"" only. Does the following text contain a value of PCE?

Metal-halide perovskites are emerging photovoltaic (PV) materials that are suitable for tandem solar cell applications: their bandgaps can be tuned from approximately 1.2 eV to 3.0 eV through compositional engineering  2  "
assistant,No
system,
user,"Answer ""Yes"" or ""No"" only. Does the following text contain a value of PCE?

An all-perovskite tandem solar cell is constructed by stacking a mixed bromide/iodide wide-bandgap (WBG, approximately 1.8 eV) perovskite front cell and a mixed lead-tin (Pb-Sn) narrow-bandgap (NBG, approximately 1.2 eV) perovskite back cell  4, 7  "
assistant,No
system,
user,"Answer ""Yes"" or ""No"" only. Does the following text contain a value of PCE?

All-perovskite tandem solar cells unite low-cost solution processing with the prospect of high efficiency  8  "
assistant,No
system,
user,"Answer ""Yes"" or ""No"" only. Does the following text contain a value of PCE?

Considering the current-matching condition, high photocurrent densities will require a Pb-Sn perovskite active layer more than 1 μm thick in the bottom subcell (Extended Data Fig"
assistant,No
system,
user,"Answer ""Yes"" or ""No"" only. Does the following text contain a value of PCE?

 1 )"
assistant,No
system,
user,"Answer ""Yes"" or ""No"" only. Does the following text contain a value of PCE?

However, efficient (>20%) Pb-Sn PSCs have so far only been demonstrated using an active-layer thickness of less than 1 μm (refs"
assistant,No
system,
user,"Answer ""Yes"" or ""No"" only. Does the following text contain a value of PCE?

 6, 10, 11, [13] [14] [15]  )"
assistant,No
system,
user,"Answer ""Yes"" or ""No"" only. Does the following text contain a value of PCE?

We reason that this is due to the short carrier diffusion length of polycrystalline Pb-Sn perovskite thin films: the carrier diffusion length should be several times the absorber thickness to ensure sufficient charge transport and good PV performance in PSCs  16, 17  "
assistant,No
system,
user,"Answer ""Yes"" or ""No"" only. Does the following text contain a value of PCE?

Grain surface passivation is a promising route to increase the carrier diffusion length of perovskite films  13, 18  , given that grain surfaces (film surface and grain boundaries) exhibit a trap density one to several orders of magnitude higher than that within the grain  [19] [20] [21] [22]  "
assistant,No
system,
user,"Answer ""Yes"" or ""No"" only. Does the following text contain a value of PCE?

Two-dimensional (2D) perovskites, Lewis bases/acids  23  and zwitterions  10  have been used for the passivation of Pb-Sn perovskites, all of which are approaches that address deep traps and reduce Sn 2+ oxidation  [24] [25] [26]  "
assistant,No
system,
user,"Answer ""Yes"" or ""No"" only. Does the following text contain a value of PCE?

However, until now, the absorber thickness of grain-surface-passivated Pb-Sn PSCs has been limited to less than 1 μm in optimized devices  10, 11, 15, 27  "
assistant,No
system,
user,"Answer ""Yes"" or ""No"" only. Does the following text contain a value of PCE?

This we attribute to insufficient defect passivation: a certain amount of surface area remains unpassivated, due to the incomplete adsorption of passivating agent into the defective sites during film formation  28  "
assistant,No
system,
user,"Answer ""Yes"" or ""No"" only. Does the following text contain a value of PCE?

We posit that enhancing the adsorption of passivating agents during perovskite film formation-in effect, increasing the completeness of the coverage using passivators, ensuring that they fully interact with the defective sites on the grain surfaces-could further improve passivation and thus increase the diffusion length in thick Pb-Sn perovskite films"
assistant,No
system,
user,"Answer ""Yes"" or ""No"" only. Does the following text contain a value of PCE?

This will enable thicker absorber layers in Pb-Sn PSCs and thus higher matched photocurrent densities in all-perovskite tandem solar cells"
assistant,No
system,
user,"Answer ""Yes"" or ""No"" only. Does the following text contain a value of PCE?

We note that this requires further progress to be made in the rational molecular design of passivators"
assistant,No
system,
user,"Answer ""Yes"" or ""No"" only. Does the following text contain a value of PCE?

Previous works have designed passivating molecules based on a static picture of the interaction between passivators and perovskite surfaces  29  ; here we instead explore the dynamic process of passivator adsorption on grain surfaces using ab initio molecular dynamic simulations, an approach that guided our experimental design."
assistant,No
system,
user,"Answer ""Yes"" or ""No"" only. Does the following text contain a value of PCE?

Density functional theory studies Here we investigated the passivation capability of ammonium cations for mixed Pb-Sn perovskite surfaces  [30] [31] [32]  "
assistant,No
system,
user,"Answer ""Yes"" or ""No"" only. Does the following text contain a value of PCE?

Three aromatic ammonium cations, phenethylammonium (PEA), phenylammonium (PA) and 4-trifluoromethyl-phenylammonium (CF3-PA), were selected to study how the molecular properties influence the adsorption and binding on mixed Pb-Sn perovskite surfaces (Fig"
assistant,No
system,
user,"Answer ""Yes"" or ""No"" only. Does the following text contain a value of PCE?

 1a )"
assistant,No
system,
user,"Answer ""Yes"" or ""No"" only. Does the following text contain a value of PCE?

The electrostatic potentials (φ max ) at the -NH 3 + side are different for the three passivators: φ max,PEA < φ max,PA < φ max,CF3-PA (Fig"
assistant,No
system,
user,"Answer ""Yes"" or ""No"" only. Does the following text contain a value of PCE?

 1a )"
assistant,No
system,
user,"Answer ""Yes"" or ""No"" only. Does the following text contain a value of PCE?

We posited that this electrostatic potential difference could affect the surface adsorption of ammonium cations  33  "
assistant,No
system,
user,"Answer ""Yes"" or ""No"" only. Does the following text contain a value of PCE?

We carried out density functional theory (DFT) simulations to study the surface adsorption and defect passivation for the three ammonium cations (see details in the Methods)"
assistant,No
system,
user,"Answer ""Yes"" or ""No"" only. Does the following text contain a value of PCE?

As illustrated in Fig"
assistant,No
system,
user,"Answer ""Yes"" or ""No"" only. Does the following text contain a value of PCE?

 1b , the three passivators interact with acceptor-like defects at the Pb-Sn perovskite surfaces through ionic bonding and hydrogen bonding, and are therefore anchored on the surfaces"
assistant,No
system,
user,"Answer ""Yes"" or ""No"" only. Does the following text contain a value of PCE?

We note that this mechanism of passivator adsorption is distinct from that of Lewis base molecules  18  "
assistant,No
system,
user,"Answer ""Yes"" or ""No"" only. Does the following text contain a value of PCE?

The passivator adsorption is a dynamic process that occurs during perovskite crystallization at elevated temperatures"
assistant,No
system,
user,"Answer ""Yes"" or ""No"" only. Does the following text contain a value of PCE?

We first investigated, using ab initio molecular dynamics simulations, the dynamic process of passivator adsorption on the grain surface (see details in the Methods and Supplementary Fig"
assistant,No
system,
user,"Answer ""Yes"" or ""No"" only. Does the following text contain a value of PCE?

 1 )"
assistant,No
system,
user,"Answer ""Yes"" or ""No"" only. Does the following text contain a value of PCE?

CF3-PA has the strongest tendency to anchor on the perovskite surface during film formation (at a temperature of approximately 400 K), with all 16 cations adsorbed completely on the surface (Fig"
assistant,No
system,
user,"Answer ""Yes"" or ""No"" only. Does the following text contain a value of PCE?

 1c, d )"
assistant,No
system,
user,"Answer ""Yes"" or ""No"" only. Does the following text contain a value of PCE?

In comparison, one PA cation and three PEA cations are not adsorbed into the A-site vacancies"
assistant,No
system,
user,"Answer ""Yes"" or ""No"" only. Does the following text contain a value of PCE?

Iodide ions are also seen to escape from the surface at 400 K in the PA and PEA cases (Fig"
assistant,No
system,
user,"Answer ""Yes"" or ""No"" only. Does the following text contain a value of PCE?

 1c ), which indicates that CF3-PA not only increases the probability of adsorbed ammonium cations on the perovskite grain surface but also suppresses the formation of iodine vacancies on the surface at elevated temperatures"
assistant,No
system,
user,"Answer ""Yes"" or ""No"" only. Does the following text contain a value of PCE?

Reduced iodide desorption may also suppress the formation of iodine interstitial (I i ) defects  34  "
assistant,No
system,
user,"Answer ""Yes"" or ""No"" only. Does the following text contain a value of PCE?

The binding energies (E b ) shown in Fig"
assistant,No
system,
user,"Answer ""Yes"" or ""No"" only. Does the following text contain a value of PCE?

 1e  indicate that CF3-PA has the strongest binding with acceptor-type defects on the perovskite grain surface"
assistant,No
system,
user,"Answer ""Yes"" or ""No"" only. Does the following text contain a value of PCE?

The highly electronegative fluorine atom in CF3-PA withdraws electron density strongly from the neighbouring atoms, leaving a higher electropositivity at the NH 3 + side, thus enhancing the binding with the negatively charged defects"
assistant,No
system,
user,"Answer ""Yes"" or ""No"" only. Does the following text contain a value of PCE?

Looking at the electronic structures, one can see that the deep in-gap states from the I Sn and I Pb antisite defects are eliminated (Supplementary Fig"
assistant,No
system,
user,"Answer ""Yes"" or ""No"" only. Does the following text contain a value of PCE?

 2 )"
assistant,No
system,
user,"Answer ""Yes"" or ""No"" only. Does the following text contain a value of PCE?

In addition, CF3-PA passivation is predicted to increase the defect formation energy of the Sn vacancy (V Sn ), reducing the numbers of vacancies (Supplementary Fig"
assistant,No
system,
user,"Answer ""Yes"" or ""No"" only. Does the following text contain a value of PCE?

 3 )"
assistant,No
system,
user,"Answer ""Yes"" or ""No"" only. Does the following text contain a value of PCE?

CF3-PA passivation also reduces the formation of donor-type defects (Supplementary Note 1 and Supplementary Figs"
assistant,No
system,
user,"Answer ""Yes"" or ""No"" only. Does the following text contain a value of PCE?

 4  and 5 )."
assistant,No
system,
user,"Answer ""Yes"" or ""No"" only. Does the following text contain a value of PCE?

PV performance of Pb-Sn PSCs DFT calculations indicated that CF3-PA has the potential to provide more effective grain surface passivation than does conventional PEA"
assistant,No
system,
user,"Answer ""Yes"" or ""No"" only. Does the following text contain a value of PCE?

To test this idea, we fabricated mixed Pb-Sn PSCs with a thick absorber layer (approximately 1.2 μm) to evaluate the effect of passivating agents on materials and device characteristics"
assistant,No
system,
user,"Answer ""Yes"" or ""No"" only. Does the following text contain a value of PCE?

We incorporated the passivating agents onto the grain surfaces of Pb-Sn perovskite films by adding PEA, PA and CF3-PA directly into the perovskite precursor solutions (Methods)"
assistant,No
system,
user,"Answer ""Yes"" or ""No"" only. Does the following text contain a value of PCE?

The optimal concentrations of PEA, PA and CF3-PA were 0.2, 0.3 and 0.3 mol%, respectively (Extended Data Fig"
assistant,No
system,
user,"Answer ""Yes"" or ""No"" only. Does the following text contain a value of PCE?

 2 )"
assistant,No
system,
user,"Answer ""Yes"" or ""No"" only. Does the following text contain a value of PCE?

Figure  2a  and Supplementary Table  1  compare the PV parameters of the control, PEA PA and CF3-PA solar cells (15 devices for each type) with an absorber layer thickness of 1.2 μm fabricated over several identical runs"
assistant,No
system,
user,"Answer ""Yes"" or ""No"" only. Does the following text contain a value of PCE?

Compared with control devices, Pb-Sn PSCs with passivating agents showed improved performance across all PV parameters"
assistant,No
system,
user,"Answer ""Yes"" or ""No"" only. Does the following text contain a value of PCE?

We also fabricated control and CF3-PA devices with a range of absorber thicknesses; the corresponding current density-voltage J-V curves and PV parameters are summarized in Fig"
assistant,No
system,
user,"Answer ""Yes"" or ""No"" only. Does the following text contain a value of PCE?

 2b , Extended Data Fig"
assistant,No
system,
user,"Answer ""Yes"" or ""No"" only. Does the following text contain a value of PCE?

 3  and Supplementary Table  2 "
assistant,No
system,
user,"Answer ""Yes"" or ""No"" only. Does the following text contain a value of PCE?

The J sc values of the CF3-PA devices increased with thickness, reaching approximately 33 mA cm -2 at a thickness of 1.2 μm"
assistant,No
system,
user,"Answer ""Yes"" or ""No"" only. Does the following text contain a value of PCE?

The increased J sc with thicker absorber is ascribed to higher light absorption at the near-infrared range, as indicated by the external quantum efficiency (EQE) spectra in Fig"
assistant,No
system,
user,"Answer ""Yes"" or ""No"" only. Does the following text contain a value of PCE?

 2c "
assistant,No
system,
user,"Answer ""Yes"" or ""No"" only. Does the following text contain a value of PCE?

 3 )"
assistant,No
system,
user,"Answer ""Yes"" or ""No"" only. Does the following text contain a value of PCE?

This indicates that the photogenerated carrier transport limits the performance in thick devices based on the control material processing strategy (Extended Data Fig"
assistant,No
system,
user,"Answer ""Yes"" or ""No"" only. Does the following text contain a value of PCE?

 4a )"
assistant,No
system,
user,"Answer ""Yes"" or ""No"" only. Does the following text contain a value of PCE?

By adding CF3-PA, we increased the diffusion length to achieve higher J sc , V oc and FF values"
assistant,No
system,
user,"Answer ""Yes"" or ""No"" only. Does the following text contain a value of PCE?

We fabricated more than 200 CF3-PA mixed Pb-Sn PSCs with 1.2-μm-thick absorber; a histogram of their PCE values is shown in the inset of Fig"
assistant,Yes
user,"Answer ""Yes"" or ""No"" only. Does the following text contain more than one value of PCE?

All-perovskite tandem solar cells with improved grain surface passivation
By adding CF3-PA, we increased the diffusion length to achieve higher J sc , V oc and FF valuesWe fabricated more than 200 CF3-PA mixed Pb-Sn PSCs with 1.2-μm-thick absorber; a histogram of their PCE values is shown in the inset of Fig"
assistant,Yes
user,"Use only data present in the text. If data is not present in the text, type ""None"". Summarize the values of PCE in the following text in a form of a table consisting of: Material, Value, Unit

All-perovskite tandem solar cells with improved grain surface passivation
By adding CF3-PA, we increased the diffusion length to achieve higher J sc , V oc and FF valuesWe fabricated more than 200 CF3-PA mixed Pb-Sn PSCs with 1.2-μm-thick absorber; a histogram of their PCE values is shown in the inset of Fig"
assistant,"| Material         | Value | Unit |
|------------------|-------|------|
| CF3-PA mixed Pb-Sn PSCs | None  | None |"
tab,"CF3-PA mixed Pb-Sn PSCs,None,None"
system,
user,"Answer ""Yes"" or ""No"" only. Does the following text contain a value of PCE?

The best CF3-PA device showed a PCE of 22.2% (stabilized 22.0%), with a V oc of 0.841 V, a J sc of 33.0 mA cm -2 and a FF of 80% under reverse scan (Fig"
assistant,Yes
user,"Answer ""Yes"" or ""No"" only. Does the following text contain more than one value of PCE?

All-perovskite tandem solar cells with improved grain surface passivation
The devices exhibited an average PCE of 20.8 ± 0.5%, which is a narrow distribution compared with typical Pb-Sn perovskite statisticsThe best CF3-PA device showed a PCE of 22.2% (stabilized 22.0%), with a V oc of 0.841 V, a J sc of 33.0 mA cm -2 and a FF of 80% under reverse scan (Fig"
assistant,Yes
user,"Use only data present in the text. If data is not present in the text, type ""None"". Summarize the values of PCE in the following text in a form of a table consisting of: Material, Value, Unit

All-perovskite tandem solar cells with improved grain surface passivation
The devices exhibited an average PCE of 20.8 ± 0.5%, which is a narrow distribution compared with typical Pb-Sn perovskite statisticsThe best CF3-PA device showed a PCE of 22.2% (stabilized 22.0%), with a V oc of 0.841 V, a J sc of 33.0 mA cm -2 and a FF of 80% under reverse scan (Fig"
assistant,"| Material         | Value     | Unit  |
|------------------|-----------|-------|
| All-perovskite   | 20.8 ± 0.5| %     |
| CF3-PA           | 22.2      | %     |
| CF3-PA (stabilized) | 22.0   | %     |"
tab,"All-perovskite,20.8 ± 0.5,%"
system,
user,"Answer ""Yes"" or ""No"" only. Does the following text contain a value of PCE?

 4b, c )"
assistant,No
system,
user,"Answer ""Yes"" or ""No"" only. Does the following text contain a value of PCE?

Figure  2e  presents the EQE spectra of the best CF3-PA device, with the integrated J sc value of 32.5 mA cm -2 , in good agreement with the J-V characterization."
assistant,No
system,
user,"Answer ""Yes"" or ""No"" only. Does the following text contain a value of PCE?

Characterization of Pb-Sn perovskites To understand the improvement of device performance by passivating agents, we performed structural and optoelectronic characterization of Pb-Sn perovskite films"
assistant,No
system,
user,"Answer ""Yes"" or ""No"" only. Does the following text contain a value of PCE?

We first investigated the effect of passivating agents on the morphology and crystal structure of Pb-Sn perovskite films"
assistant,No
system,
user,"Answer ""Yes"" or ""No"" only. Does the following text contain a value of PCE?

Scanning electron microscopy (SEM) images show that introducing the passivator additives did not notably affect the surface morphology (Fig"
assistant,No
system,
user,"Answer ""Yes"" or ""No"" only. Does the following text contain a value of PCE?

 3a , b and Supplementary Fig"
assistant,No
system,
user,"Answer ""Yes"" or ""No"" only. Does the following text contain a value of PCE?

 6  and Extended Data Fig"
assistant,No
system,
user,"Answer ""Yes"" or ""No"" only. Does the following text contain a value of PCE?

 5a, b )"
assistant,No
system,
user,"Answer ""Yes"" or ""No"" only. Does the following text contain a value of PCE?

The presence of passivating agents (for example, CF3-PA) in the perovskite films is indicated by X-ray photoelectron spectroscopy (XPS) measurements (Extended Data Fig"
assistant,No
system,
user,"Answer ""Yes"" or ""No"" only. Does the following text contain a value of PCE?

 5c )"
assistant,No
system,
user,"Answer ""Yes"" or ""No"" only. Does the following text contain a value of PCE?

The spatial distribution of the CF3-PA cations within the perovskite film was investigated using time-of-flight secondary ion mass spectrometry (ToF-SIMS, Extended Data Fig"
assistant,No
system,
user,"Answer ""Yes"" or ""No"" only. Does the following text contain a value of PCE?

 5d )"
assistant,No
system,
user,"Answer ""Yes"" or ""No"" only. Does the following text contain a value of PCE?

This revealed that passivators were anchored on the top and bottom film surfaces as well as at the grain boundaries within the film"
assistant,No
system,
user,"Answer ""Yes"" or ""No"" only. Does the following text contain a value of PCE?

X-ray diffraction (XRD) patterns of the control and the films modified by the passivating agent exhibited a single three-dimensional (3D) perovskite phase without a 2D (reduced-dimensional) phase and without non-perovskite phases (Fig"
assistant,No
system,
user,"Answer ""Yes"" or ""No"" only. Does the following text contain a value of PCE?

 3c  and Supplementary Fig"
assistant,No
system,
user,"Answer ""Yes"" or ""No"" only. Does the following text contain a value of PCE?

 7 )"
assistant,No
system,
user,"Answer ""Yes"" or ""No"" only. Does the following text contain a value of PCE?

We found no diffraction peaks relating to 2D layered perovskites even when a large amount of CF3-PA (for example, 20 mol%) was added to the precursor solution (Supplementary Note 2 and Supplementary Fig"
assistant,No
system,
user,"Answer ""Yes"" or ""No"" only. Does the following text contain a value of PCE?

 8 )"
assistant,No
system,
user,"Answer ""Yes"" or ""No"" only. Does the following text contain a value of PCE?

The absence of 2D perovskite is beneficial for charge transport and extraction throughout the thick Pb-Sn perovskite absorber in solar cells"
assistant,No
system,
user,"Answer ""Yes"" or ""No"" only. Does the following text contain a value of PCE?

We also extended the structural characterization to different thicknesses of Pb-Sn perovskite films (Supplementary Note 2 and Supplementary Fig"
assistant,No
system,
user,"Answer ""Yes"" or ""No"" only. Does the following text contain a value of PCE?

9-11)"
assistant,No
system,
user,"Answer ""Yes"" or ""No"" only. Does the following text contain a value of PCE?

The above results indicate that the introduction of a trace amount of passivating agent is not likely to change the film formation"
assistant,No
system,
user,"Answer ""Yes"" or ""No"" only. Does the following text contain a value of PCE?

To examine the extent of surface Sn 2+ oxidation, we performed angle-dependent XPS measurements (Extended Data Fig"
assistant,No
system,
user,"Answer ""Yes"" or ""No"" only. Does the following text contain a value of PCE?

 6a )"
assistant,No
system,
user,"Answer ""Yes"" or ""No"" only. Does the following text contain a value of PCE?

Spectra were recorded at electron take-off angles of 0 o , 45 o and 75 o , with the probing depth varying from approximately 6-8 nm at 0 o to 1.5-2 nm at 75 o (ref"
assistant,No
system,
user,"Answer ""Yes"" or ""No"" only. Does the following text contain a value of PCE?

 28  )"
assistant,No
system,
user,"Answer ""Yes"" or ""No"" only. Does the following text contain a value of PCE?

The XPS spectra for the control film only show a Sn 4+ peak for the most surface sensitive angle at 75 o (Extended Data Fig"
assistant,No
system,
user,"Answer ""Yes"" or ""No"" only. Does the following text contain a value of PCE?

 6b ), which indicates that Sn 4+ primarily forms on the surface  28  "
assistant,No
system,
user,"Answer ""Yes"" or ""No"" only. Does the following text contain a value of PCE?

Surface Sn 2+ oxidation was successfully suppressed after anchoring of CF3-PA on the grain surfaces (Extended Data Fig"
assistant,No
system,
user,"Answer ""Yes"" or ""No"" only. Does the following text contain a value of PCE?

 6f ), indicating that passivation of surface defects (for example, undercoordinated Sn atoms and Sn vacancies) could retard the Sn 2+ oxidation  21, 30  "
assistant,No
system,
user,"Answer ""Yes"" or ""No"" only. Does the following text contain a value of PCE?

The three passivators were then assessed using steady-state photoluminescence (PL)"
assistant,No
system,
user,"Answer ""Yes"" or ""No"" only. Does the following text contain a value of PCE?

The PL intensity was increased noticeably with the CF3-PA passivating agent (Fig"
assistant,No
system,
user,"Answer ""Yes"" or ""No"" only. Does the following text contain a value of PCE?

 3d ), implying suppressed non-radiative charge recombination through the defects"
assistant,No
system,
user,"Answer ""Yes"" or ""No"" only. Does the following text contain a value of PCE?

An enhanced PL intensity was also observed in perovskite films passivated with PEA and PA, but it was not as strong as that with CF3-PA"
assistant,No
system,
user,"Answer ""Yes"" or ""No"" only. Does the following text contain a value of PCE?

In addition, we carried out time-resolved PL to study the charge-carrier dynamics (Fig"
assistant,No
system,
user,"Answer ""Yes"" or ""No"" only. Does the following text contain a value of PCE?

 3e )"
assistant,No
system,
user,"Answer ""Yes"" or ""No"" only. Does the following text contain a value of PCE?

The perovskite films with passivating agents exhibited effective carrier lifetimes (CF3-PA, τ = 966 ns; PA, τ = 437 ns; PEA, τ = 365 ns) that were much longer than that of the non-passivated control film (τ = 159 ns)"
assistant,No
system,
user,"Answer ""Yes"" or ""No"" only. Does the following text contain a value of PCE?

The longer charge-carrier recombination lifetime with CF3-PA was also confirmed by transient photovoltage decay measurements (Supplementary Fig"
assistant,No
system,
user,"Answer ""Yes"" or ""No"" only. Does the following text contain a value of PCE?

 12 )"
assistant,No
system,
user,"Answer ""Yes"" or ""No"" only. Does the following text contain a value of PCE?

We further performed femtosecond-resolved optical-pump terahertz-probe spectroscopy to obtain the carrier mobility of Pb-Sn perovskite films  [35] [36] [37]  "
assistant,No
system,
user,"Answer ""Yes"" or ""No"" only. Does the following text contain a value of PCE?

The control and CF3-PA films exhibited similar effective d.c"
assistant,No
system,
user,"Answer ""Yes"" or ""No"" only. Does the following text contain a value of PCE?

charge-carrier mobilities (μ d.c"
assistant,No
system,
user,"Answer ""Yes"" or ""No"" only. Does the following text contain a value of PCE?

) of approximately 80 cm 2 V -1 s -1 , where μ d.c"
assistant,No
system,
user,"Answer ""Yes"" or ""No"" only. Does the following text contain a value of PCE?

is the sum of the electron and hole mobilities (μ d.c"
assistant,No
system,
user,"Answer ""Yes"" or ""No"" only. Does the following text contain a value of PCE?

= μ e + μ h , Supplementary Note 3 and Supplementary Fig"
assistant,No
system,
user,"Answer ""Yes"" or ""No"" only. Does the following text contain a value of PCE?

 13 )"
assistant,No
system,
user,"Answer ""Yes"" or ""No"" only. Does the following text contain a value of PCE?

Although it is challenging to obtain directly the exact mobility of electrons versus holes, we found the mobility of the limiting carrier (μ e,h ) to be 11.7 ± 1.5 and 8.2 ± 1.2 cm 2 V -1 s -1 for the CF3-PA and control Pb-Sn perovskite films, respectively (see details in Supplementary Note 3 and Supplementary Fig"
assistant,No
system,
user,"Answer ""Yes"" or ""No"" only. Does the following text contain a value of PCE?

 14 )"
assistant,No
system,
user,"Answer ""Yes"" or ""No"" only. Does the following text contain a value of PCE?

Because of the longer carrier lifetimes, the diffusion length (L d ) of the CF3-PA passivated films was increased threefold when compared to that of the control films (5.4 μm versus 1.8 μm) (Fig"
assistant,No
system,
user,"Answer ""Yes"" or ""No"" only. Does the following text contain a value of PCE?

 3f )"
assistant,No
system,
user,"Answer ""Yes"" or ""No"" only. Does the following text contain a value of PCE?

Overall, device performance and film characterization demonstrate improved grain surface passivation in mixed Pb-Sn perovskite films with CF3-PA"
assistant,No
system,
user,"Answer ""Yes"" or ""No"" only. Does the following text contain a value of PCE?

The DFT studies suggest one possible mechanism for the origin of the improvement: the higher surface adsorption of the passivating agent enables better passivation in perovskite films."
assistant,No
system,
user,"Answer ""Yes"" or ""No"" only. Does the following text contain a value of PCE?

Performance and stability of tandem solar cells We fabricated monolithic all-perovskite tandem solar cells using the optimized NBG perovskite layers described above (see details in the Methods)"
assistant,No
system,
user,"Answer ""Yes"" or ""No"" only. Does the following text contain a value of PCE?

 7 )"
assistant,No
system,
user,"Answer ""Yes"" or ""No"" only. Does the following text contain a value of PCE?

The NBG perovskite films were fabricated using the CF3-PA additive"
assistant,No
system,
user,"Answer ""Yes"" or ""No"" only. Does the following text contain a value of PCE?

The thicknesses of the WBG and NBG absorber layers for the front and back subcells were optimized to be approximately 380 and 1,200 nm (Fig"
assistant,No
system,
user,"Answer ""Yes"" or ""No"" only. Does the following text contain a value of PCE?

 4a ), respectively, to obtain a high matched current density between the subcells"
assistant,No
system,
user,"Answer ""Yes"" or ""No"" only. Does the following text contain a value of PCE?

Figure  4b  presents the J-V curves of all-perovskite tandem devices with various thicknesses (750, 900 and 1,200 nm) for the NBG absorber; the corresponding PV parameters are summarized in Supplementary Table  3 "
assistant,No
system,
user,"Answer ""Yes"" or ""No"" only. Does the following text contain a value of PCE?

The J sc values, as determined from the J-V curves, were increased from 15.4 to 16.5 mA cm -2 when the thickness of the NBG perovskite absorber increased from 750 to 1,200 nm (the WBG perovskite thickness was kept at approximately 380 nm)"
assistant,No
system,
user,"Answer ""Yes"" or ""No"" only. Does the following text contain a value of PCE?

Correspondingly, the PCE was increased from 25.0% for the 750-nm-thick NBG subcell to 26.4% for the 1.2-μm-thick NBG subcell"
assistant,Yes
user,"Answer ""Yes"" or ""No"" only. Does the following text contain more than one value of PCE?

All-perovskite tandem solar cells with improved grain surface passivation
The J sc values, as determined from the J-V curves, were increased from 15.4 to 16.5 mA cm -2 when the thickness of the NBG perovskite absorber increased from 750 to 1,200 nm (the WBG perovskite thickness was kept at approximately 380 nm)Correspondingly, the PCE was increased from 25.0% for the 750-nm-thick NBG subcell to 26.4% for the 1.2-μm-thick NBG subcell"
assistant,Yes
user,"Use only data present in the text. If data is not present in the text, type ""None"". Summarize the values of PCE in the following text in a form of a table consisting of: Material, Value, Unit

All-perovskite tandem solar cells with improved grain surface passivation
The J sc values, as determined from the J-V curves, were increased from 15.4 to 16.5 mA cm -2 when the thickness of the NBG perovskite absorber increased from 750 to 1,200 nm (the WBG perovskite thickness was kept at approximately 380 nm)Correspondingly, the PCE was increased from 25.0% for the 750-nm-thick NBG subcell to 26.4% for the 1.2-μm-thick NBG subcell"
assistant,"| Material | Value | Unit  |
|----------|-------|-------|
| NBG     | 25.0  | %     |
| NBG     | 26.4  | %     |"
tab,"NBG,25.0,%"
system,
user,"Answer ""Yes"" or ""No"" only. Does the following text contain a value of PCE?

 4c  and Supplementary Fig"
assistant,No
system,
user,"Answer ""Yes"" or ""No"" only. Does the following text contain a value of PCE?

 15 "
assistant,No
system,
user,"Answer ""Yes"" or ""No"" only. Does the following text contain a value of PCE?

 8a )"
assistant,No
system,
user,"Answer ""Yes"" or ""No"" only. Does the following text contain a value of PCE?

Figure  4d  shows the J-V curves of the best-performing tandem device measured from both reverse and forward scans, showing very minor hysteresis"
assistant,No
system,
user,"Answer ""Yes"" or ""No"" only. Does the following text contain a value of PCE?

  d, e, ) and EQE and total absorptance (1-R) (e) curves of the best tandem device (with aperture area of 0.049 cm 2 ) with approximately 1.2-μm-thick Pb-Sn perovskite absorber layer"
assistant,No
system,
user,"Answer ""Yes"" or ""No"" only. Does the following text contain a value of PCE?

R is the primary optical reflectance measured from the front glass side"
assistant,No
system,
user,"Answer ""Yes"" or ""No"" only. Does the following text contain a value of PCE?

f, J-V curve of a large-area tandem device (aperture area = 1.05 cm 2 )"
assistant,No
system,
user,"Answer ""Yes"" or ""No"" only. Does the following text contain a value of PCE?

g, Continuous MPP tracking of the encapsulated CF3-PA and control tandem solar cells (with aperture area of 0.049 cm 2 ) under simulated 1 Sun illumination (equivalent to AM1.5G, 100 mW cm -2 , multicolor LED simulator) in ambient air with a humidity of 30-50%"
assistant,No
system,
user,"Answer ""Yes"" or ""No"" only. Does the following text contain a value of PCE?

The CF3-PA and control tandem devices had initial PCEs of 25.6% and 24.3% measured under a two-lamp simulator, respectively"
assistant,Yes
user,"Answer ""Yes"" or ""No"" only. Does the following text contain more than one value of PCE?

All-perovskite tandem solar cells with improved grain surface passivation
g, Continuous MPP tracking of the encapsulated CF3-PA and control tandem solar cells (with aperture area of 0.049 cm 2 ) under simulated 1 Sun illumination (equivalent to AM1.5G, 100 mW cm -2 , multicolor LED simulator) in ambient air with a humidity of 30-50%The CF3-PA and control tandem devices had initial PCEs of 25.6% and 24.3% measured under a two-lamp simulator, respectively"
assistant,Yes
user,"Use only data present in the text. If data is not present in the text, type ""None"". Summarize the values of PCE in the following text in a form of a table consisting of: Material, Value, Unit

All-perovskite tandem solar cells with improved grain surface passivation
g, Continuous MPP tracking of the encapsulated CF3-PA and control tandem solar cells (with aperture area of 0.049 cm 2 ) under simulated 1 Sun illumination (equivalent to AM1.5G, 100 mW cm -2 , multicolor LED simulator) in ambient air with a humidity of 30-50%The CF3-PA and control tandem devices had initial PCEs of 25.6% and 24.3% measured under a two-lamp simulator, respectively"
assistant,"| Material | Value | Unit |
|----------|-------|------|
| CF3-PA  | 25.6  | %    |
| Control  | 24.3  | %    |"
tab,"CF3-PA,25.6,%"
system,
user,"Answer ""Yes"" or ""No"" only. Does the following text contain a value of PCE?

There was no active cooling during device operation and the environmental temperature was kept at approximately 25 o C"
assistant,No
system,
user,"Answer ""Yes"" or ""No"" only. Does the following text contain a value of PCE?

Article The best tandem cell had a PCE of 26.7% from the reverse scan (with a V oc of 2.03 V, a J sc of 16.5 mA cm -2 and a FF of 79.9%) and exhibited a stabilized PCE of 26.6% (Extended Data Fig"
assistant,Yes
user,"Answer ""Yes"" or ""No"" only. Does the following text contain more than one value of PCE?

All-perovskite tandem solar cells with improved grain surface passivation
T 90 represents the lifetime at which the PCE declines to 90% of its initial value.Article The best tandem cell had a PCE of 26.7% from the reverse scan (with a V oc of 2.03 V, a J sc of 16.5 mA cm -2 and a FF of 79.9%) and exhibited a stabilized PCE of 26.6% (Extended Data Fig"
assistant,Yes
user,"Use only data present in the text. If data is not present in the text, type ""None"". Summarize the values of PCE in the following text in a form of a table consisting of: Material, Value, Unit

All-perovskite tandem solar cells with improved grain surface passivation
T 90 represents the lifetime at which the PCE declines to 90% of its initial value.Article The best tandem cell had a PCE of 26.7% from the reverse scan (with a V oc of 2.03 V, a J sc of 16.5 mA cm -2 and a FF of 79.9%) and exhibited a stabilized PCE of 26.6% (Extended Data Fig"
assistant,"| Material                | Value | Unit  |
|------------------------|-------|-------|
| All-perovskite tandem  | 26.7  | %     |
| All-perovskite tandem  | 26.6  | %     |"
tab,"All-perovskite tandem,26.7,%"
system,
user,"Answer ""Yes"" or ""No"" only. Does the following text contain a value of PCE?

The integrated J sc values of the front and back subcells from EQE spectra (Fig"
assistant,No
system,
user,"Answer ""Yes"" or ""No"" only. Does the following text contain a value of PCE?

 4e ) were 16.7 and 16.8 mA cm -2 , respectively, agreeing well with the J sc value determined from the J-V measurements"
assistant,No
system,
user,"Answer ""Yes"" or ""No"" only. Does the following text contain a value of PCE?

The J sc achieved (≥16.5 mA cm -2 ) was considerably higher than those reported in previous works (typically <16 mA cm -2 )  12, 13, 38  , mainly because of the use of thicker NBG perovskite without sacrificing the electrical performance (that is, V oc and FF) with the use of CF3-PA additive"
assistant,No
system,
user,"Answer ""Yes"" or ""No"" only. Does the following text contain a value of PCE?

 4f  and Extended Data Fig"
assistant,No
system,
user,"Answer ""Yes"" or ""No"" only. Does the following text contain a value of PCE?

 9 )"
assistant,No
system,
user,"Answer ""Yes"" or ""No"" only. Does the following text contain a value of PCE?

The relatively modest performance gap between small-area and large-area devices was ascribed to improved film uniformity in Pb-Sn perovskites films as a result of the addition of formamidine sulfinic acid (FSA) in the precursor solutions  10  "
assistant,No
system,
user,"Answer ""Yes"" or ""No"" only. Does the following text contain a value of PCE?

We sent tandem solar cells to an accredited independent PV calibration laboratory ( Japan Electrical Safety and Environment Technology Laboratories, JET)"
assistant,No
system,
user,"Answer ""Yes"" or ""No"" only. Does the following text contain a value of PCE?

These delivered certified stabilized PCEs of 26.4% and 26.1% (Supplementary Fig"
assistant,Yes
user,"Answer ""Yes"" or ""No"" only. Does the following text contain more than one value of PCE?

All-perovskite tandem solar cells with improved grain surface passivation
We sent tandem solar cells to an accredited independent PV calibration laboratory ( Japan Electrical Safety and Environment Technology Laboratories, JET)These delivered certified stabilized PCEs of 26.4% and 26.1% (Supplementary Fig"
assistant,Yes
user,"Use only data present in the text. If data is not present in the text, type ""None"". Summarize the values of PCE in the following text in a form of a table consisting of: Material, Value, Unit

All-perovskite tandem solar cells with improved grain surface passivation
We sent tandem solar cells to an accredited independent PV calibration laboratory ( Japan Electrical Safety and Environment Technology Laboratories, JET)These delivered certified stabilized PCEs of 26.4% and 26.1% (Supplementary Fig"
assistant,"| Material                     | Value | Unit  |
|------------------------------|-------|-------|
| All-perovskite tandem solar cells | 26.4  | %     |
| All-perovskite tandem solar cells | 26.1  | %     |"
tab,"All-perovskite tandem solar cells,26.4,%"
system,
user,"Answer ""Yes"" or ""No"" only. Does the following text contain a value of PCE?

We anticipate that the PCE of all-perovskite tandem solar cells can improve further (Supplementary Note 4)"
assistant,No
system,
user,"Answer ""Yes"" or ""No"" only. Does the following text contain a value of PCE?

To assess the stability of tandem solar cells, we first tracked their shelf life by storing the unencapsulated devices under dark conditions in an N 2 glovebox"
assistant,No
system,
user,"Answer ""Yes"" or ""No"" only. Does the following text contain a value of PCE?

 17 )"
assistant,No
system,
user,"Answer ""Yes"" or ""No"" only. Does the following text contain a value of PCE?

In addition, we investigated the operating stability of the CF3-PA and control tandem devices: we kept the encapsulated devices in ambient air and used maximum power point (MPP) tracking under simulated 1 Sun illumination (using a multicolour light-emitting diode (LED) solar simulator with intensity equivalent to 100 mW cm -2 )"
assistant,No
system,
user,"Answer ""Yes"" or ""No"" only. Does the following text contain a value of PCE?

The spectrum of the LED simulator is presented in previous work  39  "
assistant,No
system,
user,"Answer ""Yes"" or ""No"" only. Does the following text contain a value of PCE?

 4g )"
assistant,No
system,
user,"Answer ""Yes"" or ""No"" only. Does the following text contain a value of PCE?

The high efficiency together with the promising stability achieved here indicate a step towards viability for all-perovskite tandem solar cells."
assistant,No
system,
user,"Answer ""Yes"" or ""No"" only. Does the following text contain a value of PCE?

Online content Any methods, additional references, Nature Research reporting summaries, source data, extended data, supplementary information, acknowledgements, peer review information; details of author contributions and competing interests; and statements of data and code availability are available at  https://doi.org/10.1038/s41586-021-04372-8 ."
assistant,No
system,
user,"Answer ""Yes"" or ""No"" only. Does the following text contain a value of PCE?

Methods"
assistant,No
system,
user,"Answer ""Yes"" or ""No"" only. Does the following text contain a value of PCE?

DFT simulation Ab initio molecular dynamic simulations were performed with the CP2K package  40  in the constant-volume and constant-temperature (NVT) ensemble"
assistant,No
system,
user,"Answer ""Yes"" or ""No"" only. Does the following text contain a value of PCE?

The temperature was controlled with a Nosé-Hoover thermostat  41  at room temperature (300 K) and 400 K"
assistant,No
system,
user,"Answer ""Yes"" or ""No"" only. Does the following text contain a value of PCE?

The time step was set to 1.0 fs"
assistant,No
system,
user,"Answer ""Yes"" or ""No"" only. Does the following text contain a value of PCE?

A PBE-D3 functional was used with double-zeta basis sets (DZVP-MOLOPT)  42  and Goedecker-Teter-Hutter pseudopotentials  43  "
assistant,No
system,
user,"Answer ""Yes"" or ""No"" only. Does the following text contain a value of PCE?

The cut-off was set to 560 Ry"
assistant,No
system,
user,"Answer ""Yes"" or ""No"" only. Does the following text contain a value of PCE?

We constructed the FA 0.75 MA 0.25 Pb 0.5 Sn 0.5 I 3 (001) surface (approximately 25 × 25 Å 2 ) with a 25 Å vacuum in the z direction"
assistant,No
system,
user,"Answer ""Yes"" or ""No"" only. Does the following text contain a value of PCE?

The ammonium cations were initially placed in the z direction away from the perovskite surface with a distance of 2.5 Å"
assistant,No
system,
user,"Answer ""Yes"" or ""No"" only. Does the following text contain a value of PCE?

The ab initio molecular dynamic simulations were run for approximately 10-20 ps to ensure equilibrium"
assistant,No
system,
user,"Answer ""Yes"" or ""No"" only. Does the following text contain a value of PCE?

First-principles calculations based on DFT were carried out using the Vienna Ab initio Simulation Package  44  "
assistant,No
system,
user,"Answer ""Yes"" or ""No"" only. Does the following text contain a value of PCE?

The generalized gradient approximation of Perdew-Burke-Ernzerhof functional was used as the exchange-correlation functional  45  "
assistant,No
system,
user,"Answer ""Yes"" or ""No"" only. Does the following text contain a value of PCE?

In addition, we used the DFT-D3 method for the van der Waals correction and also dipole corrections for the slab calculations  46  "
assistant,No
system,
user,"Answer ""Yes"" or ""No"" only. Does the following text contain a value of PCE?

A plane-wave cut-off energy of 400 eV was used"
assistant,No
system,
user,"Answer ""Yes"" or ""No"" only. Does the following text contain a value of PCE?

The energy and force convergence criteria were set to 10 -5 eV and 0.03 eV Å -1 , respectively"
assistant,No
system,
user,"Answer ""Yes"" or ""No"" only. Does the following text contain a value of PCE?

The Brillouin zone was sampled with Γ-centred k-mesh densities of 2π × 0.02 Å -1 in the calculations of the energetic and electronic properties"
assistant,No
system,
user,"Answer ""Yes"" or ""No"" only. Does the following text contain a value of PCE?

We used a vacuum of 20 Å to separate neighbouring surfaces in the z -direction"
assistant,No
system,
user,"Answer ""Yes"" or ""No"" only. Does the following text contain a value of PCE?

The binding energies (E b ) of different ammonium cations (CF3-PA, PA and PEA) with the perovskite surface were calculated as E mol/pvsk - E pvsk - E mol , where E mol/pvsk , E pvsk and E mol are the total energies of the adsorption system, the perovskite system and CF3-PAI/PAI/PEAI (I represents iodide), respectively"
assistant,No
system,
user,"Answer ""Yes"" or ""No"" only. Does the following text contain a value of PCE?

The electrostatic potentials (φ) of the passivators were calculated using the Gaussian 09 package at the B3LYP/def2TZVP level with DFT-D3"
assistant,No
system,
user,"Answer ""Yes"" or ""No"" only. Does the following text contain a value of PCE?

The maximum φ (φ max ) of the NH 3 + terminal group in these passivators was obtained with the help of Multiwfn code  47  ."
assistant,No
system,
user,"Answer ""Yes"" or ""No"" only. Does the following text contain a value of PCE?

Materials All materials were used as received without further purification"
assistant,No
system,
user,"Answer ""Yes"" or ""No"" only. Does the following text contain a value of PCE?

The organic halide salts (FAI, FABr, MAI, FAI, PEACl, PACl, CF3-PACl) were purchased from GreatCell Solar Materials (Australia)"
assistant,No
system,
user,"Answer ""Yes"" or ""No"" only. Does the following text contain a value of PCE?

Poly (3,4-ethylenedioxythiophene) polystyrene sulfonate (PEDOT:PSS) aqueous solution (Al 4083) was purchased from Heraeus Clevios (Germany)"
assistant,No
system,
user,"Answer ""Yes"" or ""No"" only. Does the following text contain a value of PCE?

N4,N4'-Di(naphthalen-1-yl)-N4,N4'-bis(4-vinylphenyl) biphenyl-4,4'-diamine (VNPB) was purchased from Lumtec"
assistant,No
system,
user,"Answer ""Yes"" or ""No"" only. Does the following text contain a value of PCE?

PbI 2 (99.99%), CsI (99.9%) and CsBr (99.9%) were purchased from TCI Chemicals"
assistant,No
system,
user,"Answer ""Yes"" or ""No"" only. Does the following text contain a value of PCE?

SnI 2 (99.999%) was purchased from Alfa Aesar"
assistant,No
system,
user,"Answer ""Yes"" or ""No"" only. Does the following text contain a value of PCE?

SnF 2 (99%), dimethylformamide (DMF, 99.8% anhydrous), dimethyl sulfoxide (DMSO, 99.9% anhydrous), formamidine sulfinic acid (≥98%), ethyl acetate (99.8% anhydrous) and chlorobenzene (99.8% anhydrous) were purchased from Sigma-Aldrich"
assistant,No
system,
user,"Answer ""Yes"" or ""No"" only. Does the following text contain a value of PCE?

C 60 was purchased from Nano-C (USA)"
assistant,No
system,
user,"Answer ""Yes"" or ""No"" only. Does the following text contain a value of PCE?

Bathocuproine (BCP) (>99% sublimed) was purchased from Xi'an Polymer Light Technology (China)."
assistant,No
system,
user,"Answer ""Yes"" or ""No"" only. Does the following text contain a value of PCE?

Perovskite precursor solution NBG FA 0.7 MA 0.3 Pb 0.5 Sn 0.5 I 3 perovskite"
assistant,No
system,
user,"Answer ""Yes"" or ""No"" only. Does the following text contain a value of PCE?

The precursor solution was prepared in mixed solvents of DMF and DMSO with a volume ratio of 2:1"
assistant,No
system,
user,"Answer ""Yes"" or ""No"" only. Does the following text contain a value of PCE?

The molar ratios for FAI/MAI and PbI 2 /SnI 2 were 0.7:0.3 and 0.5:0.5, respectively"
assistant,No
system,
user,"Answer ""Yes"" or ""No"" only. Does the following text contain a value of PCE?

The molar ratio of (FAI+MAI)/(PbI 2 +SnI 2 ) was 1:1"
assistant,No
system,
user,"Answer ""Yes"" or ""No"" only. Does the following text contain a value of PCE?

SnF 2 (10 mol% relative to SnI 2 ) was added to the precursor solution"
assistant,No
system,
user,"Answer ""Yes"" or ""No"" only. Does the following text contain a value of PCE?

The precursor solution was then stirred at room temperature for 2 h"
assistant,No
system,
user,"Answer ""Yes"" or ""No"" only. Does the following text contain a value of PCE?

Tin powders (5 mg ml -1 ) and formamidine sulfinic acid (0.3 mol%) were added to the precursor to reduce Sn 4+ in the precursor solution and to improve film uniformity"
assistant,No
system,
user,"Answer ""Yes"" or ""No"" only. Does the following text contain a value of PCE?

For solution with passivating agents, PEACl, PACl or CF3-PACl was added to the precursor solution at their optimized concentrations"
assistant,No
system,
user,"Answer ""Yes"" or ""No"" only. Does the following text contain a value of PCE?

It is noted that we introduced additives at a concentration lower than 0.4 mol% relative to the B-site metal cations, which is below the concentration of large A-site cations required to form 2D/3D heterostructures"
assistant,No
system,
user,"Answer ""Yes"" or ""No"" only. Does the following text contain a value of PCE?

The precursor solution was filtered through 0.22 μm Polytetrafluoroethylene (PTFE) membrane before making perovskite films"
assistant,No
system,
user,"Answer ""Yes"" or ""No"" only. Does the following text contain a value of PCE?

WBG FA 0.8 Cs 0.2 Pb(I 0.62 Br 0.38 ) 3 perovskite"
assistant,No
system,
user,"Answer ""Yes"" or ""No"" only. Does the following text contain a value of PCE?

The precursor solution (1.2 M) was prepared from six precursors dissolved in mixed solvents of DMF and DMSO with a volume ratio of 4:1"
assistant,No
system,
user,"Answer ""Yes"" or ""No"" only. Does the following text contain a value of PCE?

The molar ratios for FAI/FABr/CsI/CsBr and PbI 2 /PbBr 2 were 0.48:0.32:0.12:0.08 and 0.62:0.38, respectively"
assistant,No
system,
user,"Answer ""Yes"" or ""No"" only. Does the following text contain a value of PCE?

The molar ratio of (FAI+FABr+CsI+CsBr)/ (PbI 2 +PbBr 2 ) was 1:1"
assistant,No
system,
user,"Answer ""Yes"" or ""No"" only. Does the following text contain a value of PCE?

The precursor solution was stirred at 50 o C for 2 h and then filtered through a 0.22 μm PTFE membrane before use"
assistant,No
system,
user,"Answer ""Yes"" or ""No"" only. Does the following text contain a value of PCE?

We found in our previous work that the six precursor approach improved the photostability and suppressed phase-segregation of the WBG perovskites, compared with those fabricated from four precursors (CsI, FAI, PbI 2 and PbBr 2 )  10  "
assistant,No
system,
user,"Answer ""Yes"" or ""No"" only. Does the following text contain a value of PCE?

We also noted that the halide segregation in WBG perovskites was dependent on illumination intensity (Supplementary Fig"
assistant,No
system,
user,"Answer ""Yes"" or ""No"" only. Does the following text contain a value of PCE?

 18 )"
assistant,No
system,
user,"Answer ""Yes"" or ""No"" only. Does the following text contain a value of PCE?

The WBG perovskite films had a composition Cs 0.2 FA 0.8 PbI 1.86 Br 1.14 and a slightly lower bandgap (approximately 1.76 eV) than that used in our previous work  10  , in order to obtain a higher matched current density in all-perovskite tandem solar cells, enabled by a thicker Pb-Sn perovskite absorber."
assistant,No
system,
user,"Answer ""Yes"" or ""No"" only. Does the following text contain a value of PCE?

Device fabrication Mixed Pb-Sn perovskite solar cells"
assistant,No
system,
user,"Answer ""Yes"" or ""No"" only. Does the following text contain a value of PCE?

The prepatterned indium tin oxide (ITO) glass substrates were sequentially cleaned using acetone and isopropanol"
assistant,No
system,
user,"Answer ""Yes"" or ""No"" only. Does the following text contain a value of PCE?

PEDOT:PSS was spin-coated on ITO substrates at 4,000 rpm for 30 s and annealed on a hotplate at 150 °C for 10 min in ambient air"
assistant,No
system,
user,"Answer ""Yes"" or ""No"" only. Does the following text contain a value of PCE?

After cooling, we transferred the substrates immediately to a nitrogen-filled glovebox for the deposition of perovskite films"
assistant,No
system,
user,"Answer ""Yes"" or ""No"" only. Does the following text contain a value of PCE?

The perovskite films were deposited with a two-step spin-coating procedure: (1) 1,000 rpm for 10 s with an acceleration of 200 rpm s -1 and (2) 4,000 rpm for 40 s with a ramp-up of 1,000 rpm s -1 "
assistant,No
system,
user,"Answer ""Yes"" or ""No"" only. Does the following text contain a value of PCE?

Ethyl acetate (300 μl) was dropped onto the spinning substrate during the second spin-coating step at 20 s before the end of the procedure"
assistant,No
system,
user,"Answer ""Yes"" or ""No"" only. Does the following text contain a value of PCE?

The substrates were then transferred on to a hotplate and heated at 100 °C for 10 min"
assistant,No
system,
user,"Answer ""Yes"" or ""No"" only. Does the following text contain a value of PCE?

After cooling down to room temperature, the substrates were transferred to the evaporation system"
assistant,No
system,
user,"Answer ""Yes"" or ""No"" only. Does the following text contain a value of PCE?

Finally, C 60 (20 nm)/BCP (7 nm)/ Cu (150 nm) were sequentially deposited on top of the perovskite by thermal evaporation (Beijing Technol Science)"
assistant,No
system,
user,"Answer ""Yes"" or ""No"" only. Does the following text contain a value of PCE?

The thickness of the Pb-Sn perovskite layer was varied by changing the concentration of the precursor solution: 1.6 M for 750 nm, 2.0 M for 900 nm, 2.2 M for 1,050 nm, 2.4 M for 1,200 nm and 2.8 M for 1,450 nm"
assistant,No
system,
user,"Answer ""Yes"" or ""No"" only. Does the following text contain a value of PCE?

All-perovskite tandem solar cells"
assistant,No
system,
user,"Answer ""Yes"" or ""No"" only. Does the following text contain a value of PCE?

NiO nanocrystal (25 mg ml -1 in water) layers were first spin-coated on ITO substrates at 3,000 rpm for 30 s and annealed on a hotplate at 130 °C for 30 min in air"
assistant,No
system,
user,"Answer ""Yes"" or ""No"" only. Does the following text contain a value of PCE?

NiO nanocrystals were synthesized as reported previously  48  "
assistant,No
system,
user,"Answer ""Yes"" or ""No"" only. Does the following text contain a value of PCE?

After cooling, the substrates were immediately transferred to the glovebox"
assistant,No
system,
user,"Answer ""Yes"" or ""No"" only. Does the following text contain a value of PCE?

VNPB (1 mg ml -1 ) in chlorobenzene without doping was spin-coated on the NiO film at 6,000 rpm for 30 s and was then annealed at 150 o C for 10 min"
assistant,No
system,
user,"Answer ""Yes"" or ""No"" only. Does the following text contain a value of PCE?

The WBG perovskite films were deposited on top of the VNPB-modified NiO with a two-step spin-coating procedure: (1) 2,000 rpm for 10 s with an acceleration of 200 rpm s -1 and (2) 6,000 rpm for 40 s with a ramp-up of 2,000 rpm s -1 "
assistant,No
system,
user,"Answer ""Yes"" or ""No"" only. Does the following text contain a value of PCE?

Chlorobenzene (200 μl) was dropped onto the spinning substrate during the second spin-coating step at 20 s before the end of the procedure"
assistant,No
system,
user,"Answer ""Yes"" or ""No"" only. Does the following text contain a value of PCE?

The substrates were then transferred onto a hotplate and heated at 100 °C for 15 min"
assistant,No
system,
user,"Answer ""Yes"" or ""No"" only. Does the following text contain a value of PCE?

After cooling down to room temperature, the substrates were transferred to the evaporation system and a 20-nm-thick C 60 film was subsequently deposited on top by thermal evaporation at a rate of 0.2 Å s -1 "
assistant,No
system,
user,"Answer ""Yes"" or ""No"" only. Does the following text contain a value of PCE?

The substrates were then transferred to the atomic layer deposition (ALD) system (Veeco Savannah S200) to deposit 20 nm SnO 2 at low temperatures (typically 100 o C) using precursors of tetrakis(dimethylamino) tin (iv) (99.9999%, Nanjing Ai Mou Yuan Scientific Equipment Co., Ltd) and deionized water"
assistant,No
system,
user,"Answer ""Yes"" or ""No"" only. Does the following text contain a value of PCE?

After ALD deposition, the substrates were transferred back to the thermal evaporation system to deposit an ultra-thin layer of Au clusters layer (approximately 1 nm) on ALD-SnO 2 "
assistant,No
system,
user,"Answer ""Yes"" or ""No"" only. Does the following text contain a value of PCE?

PEDOT:PSS layers were spin-cast on top of the front cells and annealed in air at 120 o C for 20 min"
assistant,No
system,
user,"Answer ""Yes"" or ""No"" only. Does the following text contain a value of PCE?

After the substrates had cooled, we immediately transferred them to a nitrogen-filled glovebox for the deposition of NBG perovskite films with identical procedures used for the single-junction devices"
assistant,No
system,
user,"Answer ""Yes"" or ""No"" only. Does the following text contain a value of PCE?

Finally, 20 nm C 60 , 7 nm BCP and 150 nm Cu films were sequentially deposited by thermal evaporation (Beijing Technol Science)"
assistant,No
system,
user,"Answer ""Yes"" or ""No"" only. Does the following text contain a value of PCE?

Details on the deposition of ALD-SnO 2 layers can be found in our previous work  10  ."
assistant,No
system,
user,"Answer ""Yes"" or ""No"" only. Does the following text contain a value of PCE?

Characterization of solar cells For single-junction solar cells, the J-V characteristics were measured using a Keithley 2400 sourcemeter under the illumination of a solar simulator (EnliTech, Class AAA) at a light intensity of 100 mW cm -2 as checked with NREL calibrated reference solar cells (KG-5 and KG-0 reference cells were used for the measurements of the WBG and NBG solar cells, respectively)"
assistant,No
system,
user,"Answer ""Yes"" or ""No"" only. Does the following text contain a value of PCE?

Unless otherwise stated, the J-V curves were all measured in a nitrogen-filled glovebox with a scanning rate of 100 mV s -1 (with voltage steps of 20 mV and a delay time of 100 ms)"
assistant,No
system,
user,"Answer ""Yes"" or ""No"" only. Does the following text contain a value of PCE?

The active area was determined by the aperture shade masks (0.049 or 1.05 cm 2 ) placed in front of the solar cells"
assistant,No
system,
user,"Answer ""Yes"" or ""No"" only. Does the following text contain a value of PCE?

EQE measurements were performed in ambient air using a QE system (EnliTech) with monochromatic light focused on the device pixel and a chopper frequency of 20 Hz"
assistant,No
system,
user,"Answer ""Yes"" or ""No"" only. Does the following text contain a value of PCE?

For tandem solar cells, the measurements of the J-V characteristics were carried out under the illumination of a two-lamp high spectral match solar simulator (SAN-EI ELECTRIC, XHS-50S1)"
assistant,No
system,
user,"Answer ""Yes"" or ""No"" only. Does the following text contain a value of PCE?

The spectrum from the simulator was finely tuned to ensure that spectral mismatch was in the region of 100 ± 3% for each 50 nm interval in the wavelength range of 400-1,000 nm"
assistant,No
system,
user,"Answer ""Yes"" or ""No"" only. Does the following text contain a value of PCE?

The solar simulator was set at a light intensity of 100 mW cm -2 as checked with a calibrated crystalline silicon reference solar cell with a quartz window (KG-0)"
assistant,No
system,
user,"Answer ""Yes"" or ""No"" only. Does the following text contain a value of PCE?

We note that a dual-lamp solar simulator, rather than a single Xe lamp, is preferred for the characterization of tandem solar cells, due to the better spectral match with AM1.5G solar irradiance (see the detailed discussion in Supplementary Note 5)"
assistant,No
system,
user,"Answer ""Yes"" or ""No"" only. Does the following text contain a value of PCE?

EQE measurements were performed in ambient air and the bias illumination from very bright LEDs with emission peaks of 850 and 460 nm were used for the measurements of the front and back subcells, respectively"
assistant,No
system,
user,"Answer ""Yes"" or ""No"" only. Does the following text contain a value of PCE?

No bias voltage was applied during the EQE measurements of the tandem solar cells."
assistant,No
system,
user,"Answer ""Yes"" or ""No"" only. Does the following text contain a value of PCE?

Stability tests of solar cells The operating stability tests were carried out under full AM1.5G illumination (Class AAA, multicolour LED solar simulator, Guangzhou Crysco Equipment Co"
assistant,No
system,
user,"Answer ""Yes"" or ""No"" only. Does the following text contain a value of PCE?

Ltd)  39  with an intensity of 100 mW cm -2 using a home-made LabVIEW-based MPP tracking system and a Perturb and observe method in ambient conditions (under a humidity of 30-50%)"
assistant,No
system,
user,"Answer ""Yes"" or ""No"" only. Does the following text contain a value of PCE?

The solar cells were encapsulated with a cover glass and ultraviolet (UV) epoxy (Three Bond), which was cured under an UV-LED lamp (peak emission at 365 nm) for 3 min"
assistant,No
system,
user,"Answer ""Yes"" or ""No"" only. Does the following text contain a value of PCE?

No UV filter was applied during operation"
assistant,No
system,
user,"Answer ""Yes"" or ""No"" only. Does the following text contain a value of PCE?

The environmental temperature was kept at around 25 o C"
assistant,No
system,
user,"Answer ""Yes"" or ""No"" only. Does the following text contain a value of PCE?

The solar cell temperature increased to approximately 35 °C under illumination as no active cooling was implemented at the measurement stage"
assistant,No
system,
user,"Answer ""Yes"" or ""No"" only. Does the following text contain a value of PCE?

The illumination intensity was regularly calibrated to check the degradation of the LED lamp"
assistant,No
system,
user,"Answer ""Yes"" or ""No"" only. Does the following text contain a value of PCE?

The assessments of the dark long-term shelf stability of the solar cells (without encapsulation) were carried out by repeating the J-V characterizations at various times and the devices were stored in a N 2 glovebox."
assistant,No
system,
user,"Answer ""Yes"" or ""No"" only. Does the following text contain a value of PCE?

Femtosecond-resolved optical-pump-terahertz probe spectroscopy A commercial Ti:Sapphire amplified laser (Libra, Coherent) with a pulse duration of 90 fs, centre wavelength of 800 nm and repetition rate of 1 kHz was used to generate terahertz radiation by optical rectification in a 0.5-mm-thick ZnTe(110) nonlinear single crystal"
assistant,No
system,
user,"Answer ""Yes"" or ""No"" only. Does the following text contain a value of PCE?

The radiation was detected using free-space electro-optic sampling in a 0.5-mm-thick ZnTe(110) crystal"
assistant,No
system,
user,"Answer ""Yes"" or ""No"" only. Does the following text contain a value of PCE?

Perovskite thin films deposited on z-cut quartz substrates were photoexcited at 800 nm with fluences in the range of 1.5-50 μJ cm -2 "
assistant,No
system,
user,"Answer ""Yes"" or ""No"" only. Does the following text contain a value of PCE?

The change in terahertz amplitude was monitored as a function of the time delay between the 800 nm optical pump pulse and the terahertz probe pulse using a translation stage"
assistant,No
system,
user,"Answer ""Yes"" or ""No"" only. Does the following text contain a value of PCE?

All measurements were carried out in a nitrogen-purged environment to avoid potential degradation of the perovskite films in ambient air."
assistant,No
system,
user,"Answer ""Yes"" or ""No"" only. Does the following text contain a value of PCE?

Optical simulation of tandem solar cells A validated optical model GenPro4 as developed by Delft University of Technology was used for the optical modelling of the tandem solar cells  49  "
assistant,No
system,
user,"Answer ""Yes"" or ""No"" only. Does the following text contain a value of PCE?

The complex refractive index of each layer was measured by a spectroscopic ellipsometer ( J.A"
assistant,No
system,
user,"Answer ""Yes"" or ""No"" only. Does the following text contain a value of PCE?

Woollam)"
assistant,No
system,
user,"Answer ""Yes"" or ""No"" only. Does the following text contain a value of PCE?

The implied photocurrent density of each subcell can be calculated using GenPro4 by assuming that the individual absorptances of the front and back cells are equivalent to the EQE of the two cells, respectively"
assistant,No
system,
user,"Answer ""Yes"" or ""No"" only. Does the following text contain a value of PCE?

The current density of the tandem cell is determined by taking the lower value between the two subcells"
assistant,No
system,
user,"Answer ""Yes"" or ""No"" only. Does the following text contain a value of PCE?

Other characterizations SEM images were obtained using a TESCAN microscope with an accelerating voltage of 2 kV"
assistant,No
system,
user,"Answer ""Yes"" or ""No"" only. Does the following text contain a value of PCE?

XRD patterns were collected using a Rigaku MiniFlex 600 diffractometer equipped with a NaI scintillation counter and using monochromatized Cu Kα radiation (wavelength λ = 1.5406 Å)"
assistant,No
system,
user,"Answer ""Yes"" or ""No"" only. Does the following text contain a value of PCE?

The grazing-incidence wide-angle X-ray scattering data were recorded using an Xeuss 2.0 system with an X-ray beam size of 100 × 100 μm 2 "
assistant,No
system,
user,"Answer ""Yes"" or ""No"" only. Does the following text contain a value of PCE?

The photon energy was 8 keV (λ = 1.54 Å) and the incident angle was 0.05° (relative to the top surface of the perovskite films) or 0.5°"
assistant,No
system,
user,"Answer ""Yes"" or ""No"" only. Does the following text contain a value of PCE?

The diffracted X-rays were collected by a Pilatus 300k detector at a distance of 160 cm"
assistant,No
system,
user,"Answer ""Yes"" or ""No"" only. Does the following text contain a value of PCE?

XPS analysis was carried out using a Thermo Scientific Al K-Alpha XPS system with energy steps of 0.1 eV"
assistant,No
system,
user,"Answer ""Yes"" or ""No"" only. Does the following text contain a value of PCE?

Angle-dependent XPS characterizations were performed with a PHI 5600 ultrahigh vacuum system with a hemispherical electron energy analyser, an Al Kα source (1,486.6 eV, PHI 04-548 dual anode X-ray source) for excitation and a pass energy of 23.5 eV for XPS acquisition  28  "
assistant,No
system,
user,"Answer ""Yes"" or ""No"" only. Does the following text contain a value of PCE?

Optical absorption measurements were carried out on a Lambda 950 UV/Vis spectrophotometer"
assistant,No
system,
user,"Answer ""Yes"" or ""No"" only. Does the following text contain a value of PCE?

Transient photovoltage decays were measured on a home-made system"
assistant,No
system,
user,"Answer ""Yes"" or ""No"" only. Does the following text contain a value of PCE?

A 540 nm green LED was used to modulate V oc with a constant light bias and the repetition rate was set to 2,000 Hz"
assistant,No
system,
user,"Answer ""Yes"" or ""No"" only. Does the following text contain a value of PCE?

A white LED was illuminated on the active area of the solar cell under study for constant light bias"
assistant,No
system,
user,"Answer ""Yes"" or ""No"" only. Does the following text contain a value of PCE?

The intensity of the pulsed illumination was set in such a way that the modulated V oc was approximately 10 mV, to ensure a perturbation regime"
assistant,No
system,
user,"Answer ""Yes"" or ""No"" only. Does the following text contain a value of PCE?

The open circuit voltage transient, induced by the light perturbation, was measured with a digital oscilloscope set to an input impedance of 1 MΩ"
assistant,No
system,
user,"Answer ""Yes"" or ""No"" only. Does the following text contain a value of PCE?

The charge recombination lifetime was fitted by a single exponential decay"
assistant,No
system,
user,"Answer ""Yes"" or ""No"" only. Does the following text contain a value of PCE?

Steady-state PL and time-resolved PL were measured using a Horiba Fluorolog time-correlated single-photon-counting system with photomultiplier tube detectors"
assistant,No
system,
user,"Answer ""Yes"" or ""No"" only. Does the following text contain a value of PCE?

The light was illuminated onto the top surface of the perovskite film"
assistant,No
system,
user,"Answer ""Yes"" or ""No"" only. Does the following text contain a value of PCE?

For steady-state PL measurements, the excitation source was a monochromated Xe lamp (peak wavelength at 520 nm with a line width of 2 nm)"
assistant,No
system,
user,"Answer ""Yes"" or ""No"" only. Does the following text contain a value of PCE?

For time-resolved PL, the excitation source was a green laser diode (λ = 510 nm) with an excitation power density of 5 mW cm -2 "
assistant,No
system,
user,"Answer ""Yes"" or ""No"" only. Does the following text contain a value of PCE?

The PL decay curves were fitted with biexponential components to obtain fast and slow decay lifetimes"
assistant,No
system,
user,"Answer ""Yes"" or ""No"" only. Does the following text contain a value of PCE?

The mean carrier lifetimes τ for the biexponential fit were calculated by the weighted average method"
assistant,No
system,
user,"Answer ""Yes"" or ""No"" only. Does the following text contain a value of PCE?

ToF-SIMS was performed using ToF-SIMS6 from IONTOF GmbH"
assistant,No
system,
user,"Answer ""Yes"" or ""No"" only. Does the following text contain a value of PCE?

Samples were analysed in the dual-beam profiling mode"
assistant,No
system,
user,"Answer ""Yes"" or ""No"" only. Does the following text contain a value of PCE?

All profiles were performed in the non-interlaced mode"
assistant,No
system,
user,"Answer ""Yes"" or ""No"" only. Does the following text contain a value of PCE?

Spectral data were acquired in the high mass-resolution mode"
assistant,No
system,
user,"Answer ""Yes"" or ""No"" only. Does the following text contain a value of PCE?

The primary ion for analysis was 30 keV Bi 3+ at 0.3 pA (with Bi liquid metal ion source)"
assistant,No
system,
user,"Answer ""Yes"" or ""No"" only. Does the following text contain a value of PCE?

This ion beam was applied over a 50 × 50 μm 2 area at the centre of the sputter crater"
assistant,No
system,
user,"Answer ""Yes"" or ""No"" only. Does the following text contain a value of PCE?

The sputter ion was 1 keV Ar + at 120 nA (with Ar electron impact ion source)"
assistant,No
system,
user,"Answer ""Yes"" or ""No"" only. Does the following text contain a value of PCE?

A 200 × 200 μm 2 sputter crater was used"
assistant,No
system,
user,"Answer ""Yes"" or ""No"" only. Does the following text contain a value of PCE?

During the sputtering process, the mass spectra in the same layer were consistent and different layers had well-defined profiles, which means that beam damage was not observed"
assistant,No
system,
user,"Answer ""Yes"" or ""No"" only. Does the following text contain a value of PCE?

The MA cation, FA cation, CF3-PA cation, Pb + and Sn + were identified based on masses of 32.0483 amu, 45.0430 amu, 162.0551 amu, 207.9715 amu and 119.8997 amu, respectively"
assistant,No
system,
user,"Answer ""Yes"" or ""No"" only. Does the following text contain a value of PCE?

The EQE values of CF3-PA device are substantially higher than those of previous works at wavelengths above 800 nm, mainly due to the use of thicker absorber while maintaining sufficient carrier transport"
assistant,No
system,
user,"Answer ""Yes"" or ""No"" only. Does the following text contain a value of PCE?

It is noted that such a high J sc value is obtained herein together with high V oc and FF even when using a 1,200 nm absorber"
assistant,No
system,
user,"Answer ""Yes"" or ""No"" only. Does the following text contain a value of PCE?

b, Reverse and forward J-V curves of the champion CF3-PA mixed Pb-Sn solar cell"
assistant,No
system,
user,"Answer ""Yes"" or ""No"" only. Does the following text contain a value of PCE?

Fig"
assistant,No
system,
user,"Answer ""Yes"" or ""No"" only. Does the following text contain a value of PCE?

1 | 1 Fig"
assistant,No
system,
user,"Answer ""Yes"" or ""No"" only. Does the following text contain a value of PCE?

1 | Interaction between passivator and Pb-Sn perovskite surface"
assistant,No
system,
user,"Answer ""Yes"" or ""No"" only. Does the following text contain a value of PCE?

a, The molecular structures of three passivators (PEA, PA and CF3-PA)"
assistant,No
system,
user,"Answer ""Yes"" or ""No"" only. Does the following text contain a value of PCE?

PA and CF3-PA exhibit molecular structures similar to that of PEA, but without any alkyl chain between the benzene ring and ammonium group"
assistant,No
system,
user,"Answer ""Yes"" or ""No"" only. Does the following text contain a value of PCE?

Corresponding Gaussian calculated electrostatic potentials (φ) are shown"
assistant,No
system,
user,"Answer ""Yes"" or ""No"" only. Does the following text contain a value of PCE?

The right colour bar from red to blue marks the increase of electropositivity"
assistant,No
system,
user,"Answer ""Yes"" or ""No"" only. Does the following text contain a value of PCE?

b, Schematic diagram of the interaction between ammonium cations with the acceptor-like defects, that is, formamidinium (FA) vacancy (V FA ), methylammonium (MA) vacancy (V MA ), Sn vacancy (V Sn ), Pb vacancy (V Pb ), I substituted at Sn site (I Sn ) and I substituted at Pb site (I Pb )"
assistant,No
system,
user,"Answer ""Yes"" or ""No"" only. Does the following text contain a value of PCE?

Both the A-I and B-I terminated (001) perovskite surfaces are considered"
assistant,No
system,
user,"Answer ""Yes"" or ""No"" only. Does the following text contain a value of PCE?

c, Ab initio molecular dynamics snapshots and top views of the CF3-PA, PA and PEA adsorbed perovskite surfaces at a temperature of 400 K"
assistant,No
system,
user,"Answer ""Yes"" or ""No"" only. Does the following text contain a value of PCE?

F atoms, green; N atoms in PA and PEA cations, red"
assistant,No
system,
user,"Answer ""Yes"" or ""No"" only. Does the following text contain a value of PCE?

The desorbed molecules are highlighted with blue dashed circles in the top views"
assistant,No
system,
user,"Answer ""Yes"" or ""No"" only. Does the following text contain a value of PCE?

d, The number of adsorbed molecules for CF3-PA, PA and PEA at temperatures of 300 and 400 K"
assistant,No
system,
user,"Answer ""Yes"" or ""No"" only. Does the following text contain a value of PCE?

A molecule number of 16 represents complete surface coverage in the simulation unit"
assistant,No
system,
user,"Answer ""Yes"" or ""No"" only. Does the following text contain a value of PCE?

e, The binding energy (E b ) between passivators and various acceptor-like defects."
assistant,No
system,
user,"Answer ""Yes"" or ""No"" only. Does the following text contain a value of PCE?

2 1Fig"
assistant,No
system,
user,"Answer ""Yes"" or ""No"" only. Does the following text contain a value of PCE?

2 | 22 Fig"
assistant,No
system,
user,"Answer ""Yes"" or ""No"" only. Does the following text contain a value of PCE?

2 | PV performance of Pb-Sn perovskite solar cells"
assistant,No
system,
user,"Answer ""Yes"" or ""No"" only. Does the following text contain a value of PCE?

a, PV parameters of devices with different passivating agents (15 devices for each type)"
assistant,No
system,
user,"Answer ""Yes"" or ""No"" only. Does the following text contain a value of PCE?

b, c, Representative J-V (b) and EQE (c) curves of CF3-PA devices with absorber"
assistant,No
system,
user,"Answer ""Yes"" or ""No"" only. Does the following text contain a value of PCE?

Fig"
assistant,No
system,
user,"Answer ""Yes"" or ""No"" only. Does the following text contain a value of PCE?

3 | 3 Fig"
assistant,No
system,
user,"Answer ""Yes"" or ""No"" only. Does the following text contain a value of PCE?

3 | Characterization of mixed Pb-Sn perovskite films with passivating agents"
assistant,No
system,
user,"Answer ""Yes"" or ""No"" only. Does the following text contain a value of PCE?

a, b, SEM images of the control (a) and CF3-PA (b) perovskite films"
assistant,No
system,
user,"Answer ""Yes"" or ""No"" only. Does the following text contain a value of PCE?

c, XRD patterns of the control, PEA, PA and CF3-PA perovskite films"
assistant,No
system,
user,"Answer ""Yes"" or ""No"" only. Does the following text contain a value of PCE?

a.u., arbitrary units"
assistant,No
system,
user,"Answer ""Yes"" or ""No"" only. Does the following text contain a value of PCE?

d, e, Steady-state (d) and time-resolved (e) PL spectra of the control, PEA, PA and CF3-PA perovskite films"
assistant,No
system,
user,"Answer ""Yes"" or ""No"" only. Does the following text contain a value of PCE?

f, Mobilities and diffusion lengths of the CF3-PA and control Pb-Sn perovskite films."
assistant,No
system,
user,"Answer ""Yes"" or ""No"" only. Does the following text contain a value of PCE?

2 )Fig"
assistant,No
system,
user,"Answer ""Yes"" or ""No"" only. Does the following text contain a value of PCE?

4 | 24 Fig"
assistant,No
system,
user,"Answer ""Yes"" or ""No"" only. Does the following text contain a value of PCE?

4 | PV performance and stability of all-perovskite tandem solar cells with CF3-PA additive"
assistant,No
system,
user,"Answer ""Yes"" or ""No"" only. Does the following text contain a value of PCE?

a, Cross-sectional SEM image of an all-perovskite tandem solar cell"
assistant,No
system,
user,"Answer ""Yes"" or ""No"" only. Does the following text contain a value of PCE?

b, c, J-V (b) and EQE (c) curves of tandem cells with back subcell thicknesses of 750, 900 and 1,200 nm.d, e, J-V (d) and EQE and total absorptance (1-R) (e) curves of the best tandem device (with aperture area of 0.049 cm 2 ) with approximately 1.2-μm-thick Pb-Sn perovskite absorber layer"
assistant,No
system,
user,"Answer ""Yes"" or ""No"" only. Does the following text contain a value of PCE?

R is the primary optical reflectance measured from the front glass side"
assistant,No
system,
user,"Answer ""Yes"" or ""No"" only. Does the following text contain a value of PCE?

f, J-V curve of a large-area tandem device (aperture area = 1.05 cm 2 )"
assistant,No
system,
user,"Answer ""Yes"" or ""No"" only. Does the following text contain a value of PCE?

g, Continuous MPP tracking of the encapsulated CF3-PA and control tandem solar cells (with"
assistant,No
system,
user,"Answer ""Yes"" or ""No"" only. Does the following text contain a value of PCE?

Extended Data Fig"
assistant,No
system,
user,"Answer ""Yes"" or ""No"" only. Does the following text contain a value of PCE?

1 | 1 Optical simulation of all-perovskite tandem solar cells"
assistant,No
system,
user,"Answer ""Yes"" or ""No"" only. Does the following text contain a value of PCE?

The implied photocurrent density ( J sc ) of tandems was calculated as function of wide-bandgap and narrow-bandgap perovskite layer thicknesses"
assistant,No
system,
user,"Answer ""Yes"" or ""No"" only. Does the following text contain a value of PCE?

Extended Data Fig"
assistant,No
system,
user,"Answer ""Yes"" or ""No"" only. Does the following text contain a value of PCE?

2 | PCEs of mixed Pb-Sn perovskite solar cells with various concentrations of passivating agents"
assistant,Yes
user,"Answer ""Yes"" or ""No"" only. Does the following text contain more than one value of PCE?

All-perovskite tandem solar cells with improved grain surface passivation
Extended Data Fig2 | PCEs of mixed Pb-Sn perovskite solar cells with various concentrations of passivating agents"
assistant,Yes
user,"Use only data present in the text. If data is not present in the text, type ""None"". Summarize the values of PCE in the following text in a form of a table consisting of: Material, Value, Unit

All-perovskite tandem solar cells with improved grain surface passivation
Extended Data Fig2 | PCEs of mixed Pb-Sn perovskite solar cells with various concentrations of passivating agents"
assistant,"| Material                     | Value | Unit |
|------------------------------|-------|------|
| Mixed Pb-Sn perovskite cells | None  | None |"
tab,"Mixed Pb-Sn perovskite cells,None,None"
system,
user,"Answer ""Yes"" or ""No"" only. Does the following text contain a value of PCE?

The absorber layer thickness is ~1,200 nm"
assistant,No
system,
user,"Answer ""Yes"" or ""No"" only. Does the following text contain a value of PCE?

Extended Data Fig"
assistant,No
system,
user,"Answer ""Yes"" or ""No"" only. Does the following text contain a value of PCE?

3 | Performance of control and CF3-PA mixed Pb-Sn perovskite solar cells with various absorber thicknesses"
assistant,No
system,
user,"Answer ""Yes"" or ""No"" only. Does the following text contain a value of PCE?

For regular thinner Pb-Sn perovskite solar cells (thicknesses of 750 and 900 nm), the diffusion lengths are sufficiently long to ensure charge transport within devices"
assistant,No
system,
user,"Answer ""Yes"" or ""No"" only. Does the following text contain a value of PCE?

This agrees with the finding that no obvious improvement was observed in regular thinner devices after we added the CF3-PA passivating agent"
assistant,No
system,
user,"Answer ""Yes"" or ""No"" only. Does the following text contain a value of PCE?

The abrupt drop in performance at the thickness of 1.45 μm comes because the precursor solution fails to form high-quality films, a result of finite solubility of metal halides in DMF/DMSO solvent"
assistant,No
system,
user,"Answer ""Yes"" or ""No"" only. Does the following text contain a value of PCE?

Extended Data Fig"
assistant,No
system,
user,"Answer ""Yes"" or ""No"" only. Does the following text contain a value of PCE?

4 | Performance of champion mixed Pb-Sn perovskite solar cells"
assistant,No
system,
user,"Answer ""Yes"" or ""No"" only. Does the following text contain a value of PCE?

a, EQE spectra of champion control and CF3-PA mixed Pb-Sn solar cells."
assistant,No
system,
user,"Answer ""Yes"" or ""No"" only. Does the following text contain a value of PCE?

The devices have aperture area of 0.049 cm 2 ."
assistant,No
